date,store_id,product_id,demand,price,promotion,temperature_f
2023-01-01,north,widget,84.07,18.0,1,70.0
2023-01-01,north,gadget,63.71,22.0,0,82.6
2023-01-01,south,widget,62.25,24.0,0,83.6
2023-01-01,south,gadget,67.45,26.0,0,72.1
2023-01-01,west,widget,72.78,28.0,0,58.6
2023-01-02,north,widget,77.8,18.06,1,70.3
2023-01-02,north,gadget,60.95,22.06,0,82.8
2023-01-02,south,widget,61.29,24.06,0,83.5
2023-01-02,south,gadget,62.39,26.06,0,71.9
2023-01-02,west,widget,68.35,28.06,0,58.5
2023-01-03,north,widget,84.31,18.12,1,70.5
2023-01-03,north,gadget,59.93,22.12,0,82.9
2023-01-03,south,widget,71.41,24.12,0,83.4
2023-01-03,south,gadget,67.06,26.12,0,71.6
2023-01-03,west,widget,73.65,28.12,0,58.3
2023-01-04,north,widget,56.77,20.18,0,70.8
2023-01-04,north,gadget,67.01,22.18,0,83.0
2023-01-04,south,widget,69.88,24.18,0,83.3
2023-01-04,south,gadget,68.52,26.18,0,71.3
2023-01-04,west,widget,68.82,28.18,0,58.2
2023-01-05,north,widget,58.34,20.23,0,71.0
2023-01-05,north,gadget,62.11,22.23,0,83.1
2023-01-05,south,widget,62.18,24.23,0,83.2
2023-01-05,south,gadget,67.39,26.23,0,71.1
2023-01-05,west,widget,70.06,28.23,0,58.0
2023-01-06,north,widget,67.85,20.29,0,71.3
2023-01-06,north,gadget,72.21,22.29,0,83.3
2023-01-06,south,widget,72.88,24.29,0,83.1
2023-01-06,south,gadget,72.39,26.29,0,70.8
2023-01-06,west,widget,82.18,28.29,0,57.8
2023-01-07,north,widget,62.46,20.35,0,71.5
2023-01-07,north,gadget,65.84,22.35,0,83.4
2023-01-07,south,widget,71.06,24.35,0,82.9
2023-01-07,south,gadget,75.15,26.35,0,70.6
2023-01-07,west,widget,82.02,28.35,0,57.7
2023-01-08,north,widget,54.85,20.4,0,71.8
2023-01-08,north,gadget,59.33,22.4,0,83.5
2023-01-08,south,widget,64.54,24.4,0,82.8
2023-01-08,south,gadget,68.36,26.4,0,70.3
2023-01-08,west,widget,69.93,28.4,0,57.6
2023-01-09,north,widget,52.21,20.45,0,72.1
2023-01-09,north,gadget,62.76,22.45,0,83.6
2023-01-09,south,widget,67.52,24.45,0,82.7
2023-01-09,south,gadget,66.72,26.45,0,70.1
2023-01-09,west,widget,72.04,28.45,0,57.4
2023-01-10,north,widget,59.75,20.51,0,72.3
2023-01-10,north,gadget,59.5,22.51,0,83.7
2023-01-10,south,widget,67.79,24.51,0,82.5
2023-01-10,south,gadget,63.04,26.51,0,69.8
2023-01-10,west,widget,67.2,28.51,0,57.3
2023-01-11,north,widget,60.29,20.55,0,72.6
2023-01-11,north,gadget,61.64,22.55,0,83.8
2023-01-11,south,widget,69.53,24.55,0,82.4
2023-01-11,south,gadget,68.58,26.55,0,69.5
2023-01-11,west,widget,73.85,28.55,0,57.1
2023-01-12,north,widget,56.99,20.6,0,72.8
2023-01-12,north,gadget,63.25,22.6,0,83.9
2023-01-12,south,widget,67.33,24.6,0,82.2
2023-01-12,south,gadget,65.09,26.6,0,69.3
2023-01-12,west,widget,68.99,28.6,0,57.0
2023-01-13,north,widget,68.63,20.65,0,73.1
2023-01-13,north,gadget,69.23,22.65,0,84.0
2023-01-13,south,widget,78.02,24.65,0,82.1
2023-01-13,south,gadget,73.08,26.65,0,69.0
2023-01-13,west,widget,73.25,28.65,0,56.9
2023-01-14,north,widget,65.16,20.69,0,73.3
2023-01-14,north,gadget,69.44,22.69,0,84.1
2023-01-14,south,widget,75.52,24.69,0,81.9
2023-01-14,south,gadget,75.08,26.69,0,68.8
2023-01-14,west,widget,80.28,28.69,0,56.8
2023-01-15,north,widget,60.99,20.73,0,73.6
2023-01-15,north,gadget,62.27,22.73,0,84.2
2023-01-15,south,widget,66.42,24.73,0,81.8
2023-01-15,south,gadget,71.59,26.73,0,68.5
2023-01-15,west,widget,74.61,28.73,0,56.6
2023-01-16,north,widget,57.42,20.77,0,73.8
2023-01-16,north,gadget,66.95,22.77,0,84.3
2023-01-16,south,widget,64.43,24.77,0,81.6
2023-01-16,south,gadget,68.57,26.77,0,68.3
2023-01-16,west,widget,100.6,26.77,1,56.5
2023-01-17,north,widget,58.13,20.81,0,74.1
2023-01-17,north,gadget,62.21,22.81,0,84.4
2023-01-17,south,widget,66.19,24.81,0,81.4
2023-01-17,south,gadget,72.06,26.81,0,68.0
2023-01-17,west,widget,95.32,26.81,1,56.4
2023-01-18,north,widget,58.43,20.84,0,74.3
2023-01-18,north,gadget,64.72,22.84,0,84.4
2023-01-18,south,widget,62.02,24.84,0,81.3
2023-01-18,south,gadget,66.1,26.84,0,67.7
2023-01-18,west,widget,97.59,26.84,1,56.3
2023-01-19,north,widget,55.57,20.87,0,74.6
2023-01-19,north,gadget,67.82,22.87,0,84.5
2023-01-19,south,widget,70.52,24.87,0,81.1
2023-01-19,south,gadget,74.65,26.87,0,67.5
2023-01-19,west,widget,78.31,28.87,0,56.2
2023-01-20,north,widget,67.97,20.9,0,74.8
2023-01-20,north,gadget,69.73,22.9,0,84.6
2023-01-20,south,widget,67.77,24.9,0,80.9
2023-01-20,south,gadget,76.88,26.9,0,67.2
2023-01-20,west,widget,82.97,28.9,0,56.1
2023-01-21,north,widget,66.31,20.92,0,75.1
2023-01-21,north,gadget,74.89,22.92,0,84.6
2023-01-21,south,widget,72.64,24.92,0,80.7
2023-01-21,south,gadget,75.15,26.92,0,67.0
2023-01-21,west,widget,80.74,28.92,0,56.0
2023-01-22,north,widget,57.22,20.94,0,75.3
2023-01-22,north,gadget,64.33,22.94,0,84.7
2023-01-22,south,widget,71.11,24.94,0,80.6
2023-01-22,south,gadget,71.32,26.94,0,66.7
2023-01-22,west,widget,74.35,28.94,0,55.9
2023-01-23,north,widget,53.82,20.96,0,75.5
2023-01-23,north,gadget,60.43,22.96,0,84.7
2023-01-23,south,widget,66.66,24.96,0,80.4
2023-01-23,south,gadget,100.56,24.96,1,66.5
2023-01-23,west,widget,77.96,28.96,0,55.8
2023-01-24,north,widget,64.05,20.98,0,75.8
2023-01-24,north,gadget,63.12,22.98,0,84.8
2023-01-24,south,widget,73.5,24.98,0,80.2
2023-01-24,south,gadget,101.38,24.98,1,66.2
2023-01-24,west,widget,73.93,28.98,0,55.7
2023-01-25,north,widget,61.25,20.99,0,76.0
2023-01-25,north,gadget,62.82,22.99,0,84.8
2023-01-25,south,widget,67.2,24.99,0,80.0
2023-01-25,south,gadget,91.88,24.99,1,66.0
2023-01-25,west,widget,68.18,28.99,0,55.7
2023-01-26,north,widget,59.68,20.99,0,76.3
2023-01-26,north,gadget,69.51,22.99,0,84.9
2023-01-26,south,widget,73.35,24.99,0,79.8
2023-01-26,south,gadget,67.16,26.99,0,65.7
2023-01-26,west,widget,70.11,28.99,0,55.6
2023-01-27,north,widget,71.94,21.0,0,76.5
2023-01-27,north,gadget,69.83,23.0,0,84.9
2023-01-27,south,widget,76.9,25.0,0,79.6
2023-01-27,south,gadget,78.12,27.0,0,65.5
2023-01-27,west,widget,82.39,29.0,0,55.5
2023-01-28,north,widget,63.63,21.0,0,76.7
2023-01-28,north,gadget,73.11,23.0,0,84.9
2023-01-28,south,widget,75.34,25.0,0,79.4
2023-01-28,south,gadget,79.79,27.0,0,65.2
2023-01-28,west,widget,81.61,29.0,0,55.5
2023-01-29,north,widget,60.35,21.0,0,77.0
2023-01-29,north,gadget,63.64,23.0,0,84.9
2023-01-29,south,widget,63.9,25.0,0,79.2
2023-01-29,south,gadget,65.21,27.0,0,65.0
2023-01-29,west,widget,72.98,29.0,0,55.4
2023-01-30,north,widget,62.47,20.99,0,77.2
2023-01-30,north,gadget,62.84,22.99,0,85.0
2023-01-30,south,widget,90.86,22.99,1,79.0
2023-01-30,south,gadget,75.73,26.99,0,64.7
2023-01-30,west,widget,72.48,28.99,0,55.3
2023-01-31,north,widget,54.78,20.98,0,77.4
2023-01-31,north,gadget,66.54,22.98,0,85.0
2023-01-31,south,widget,89.51,22.98,1,78.8
2023-01-31,south,gadget,69.83,26.98,0,64.5
2023-01-31,west,widget,78.04,28.98,0,55.3
2023-02-01,north,widget,63.59,20.97,0,77.6
2023-02-01,north,gadget,71.08,22.97,0,85.0
2023-02-01,south,widget,98.54,22.97,1,78.6
2023-02-01,south,gadget,69.18,26.97,0,64.3
2023-02-01,west,widget,75.28,28.97,0,55.2
2023-02-02,north,widget,67.12,20.95,0,77.9
2023-02-02,north,gadget,62.97,22.95,0,85.0
2023-02-02,south,widget,72.08,24.95,0,78.4
2023-02-02,south,gadget,72.72,26.95,0,64.0
2023-02-02,west,widget,75.89,28.95,0,55.2
2023-02-03,north,widget,67.67,20.93,0,78.1
2023-02-03,north,gadget,70.86,22.93,0,85.0
2023-02-03,south,widget,78.96,24.93,0,78.1
2023-02-03,south,gadget,79.23,26.93,0,63.8
2023-02-03,west,widget,88.23,28.93,0,55.2
2023-02-04,north,widget,69.88,20.91,0,78.3
2023-02-04,north,gadget,73.92,22.91,0,85.0
2023-02-04,south,widget,76.44,24.91,0,77.9
2023-02-04,south,gadget,80.97,26.91,0,63.6
2023-02-04,west,widget,89.14,28.91,0,55.1
2023-02-05,north,widget,60.02,20.88,0,78.5
2023-02-05,north,gadget,69.22,22.88,0,85.0
2023-02-05,south,widget,67.76,24.88,0,77.7
2023-02-05,south,gadget,78.45,26.88,0,63.3
2023-02-05,west,widget,68.37,28.88,0,55.1
2023-02-06,north,widget,61.85,20.85,0,78.7
2023-02-06,north,gadget,93.11,20.85,1,85.0
2023-02-06,south,widget,70.53,24.85,0,77.5
2023-02-06,south,gadget,69.98,26.85,0,63.1
2023-02-06,west,widget,75.02,28.85,0,55.1
2023-02-07,north,widget,62.2,20.82,0,78.9
2023-02-07,north,gadget,94.63,20.82,1,85.0
2023-02-07,south,widget,70.41,24.82,0,77.3
2023-02-07,south,gadget,76.89,26.82,0,62.9
2023-02-07,west,widget,75.94,28.82,0,55.0
2023-02-08,north,widget,62.05,20.79,0,79.1
2023-02-08,north,gadget,92.41,20.79,1,84.9
2023-02-08,south,widget,69.19,24.79,0,77.0
2023-02-08,south,gadget,71.7,26.79,0,62.6
2023-02-08,west,widget,73.58,28.79,0,55.0
2023-02-09,north,widget,65.62,20.75,0,79.3
2023-02-09,north,gadget,64.86,22.75,0,84.9
2023-02-09,south,widget,70.31,24.75,0,76.8
2023-02-09,south,gadget,74.72,26.75,0,62.4
2023-02-09,west,widget,74.77,28.75,0,55.0
2023-02-10,north,widget,71.88,20.71,0,79.5
2023-02-10,north,gadget,73.27,22.71,0,84.9
2023-02-10,south,widget,82.55,24.71,0,76.6
2023-02-10,south,gadget,80.52,26.71,0,62.2
2023-02-10,west,widget,81.58,28.71,0,55.0
2023-02-11,north,widget,76.72,20.67,0,79.7
2023-02-11,north,gadget,81.25,22.67,0,84.9
2023-02-11,south,widget,83.22,24.67,0,76.3
2023-02-11,south,gadget,78.67,26.67,0,62.0
2023-02-11,west,widget,79.38,28.67,0,55.0
2023-02-12,north,widget,64.29,20.62,0,79.9
2023-02-12,north,gadget,66.65,22.62,0,84.8
2023-02-12,south,widget,64.81,24.62,0,76.1
2023-02-12,south,gadget,74.75,26.62,0,61.8
2023-02-12,west,widget,75.87,28.62,0,55.0
2023-02-13,north,widget,89.71,18.57,1,80.1
2023-02-13,north,gadget,66.73,22.57,0,84.8
2023-02-13,south,widget,70.52,24.57,0,75.9
2023-02-13,south,gadget,71.51,26.57,0,61.5
2023-02-13,west,widget,81.2,28.57,0,55.0
2023-02-14,north,widget,84.31,18.53,1,80.3
2023-02-14,north,gadget,68.3,22.53,0,84.7
2023-02-14,south,widget,71.11,24.53,0,75.6
2023-02-14,south,gadget,73.78,26.53,0,61.3
2023-02-14,west,widget,73.4,28.53,0,55.0
2023-02-15,north,widget,94.08,18.47,1,80.5
2023-02-15,north,gadget,72.1,22.47,0,84.7
2023-02-15,south,widget,74.54,24.47,0,75.4
2023-02-15,south,gadget,72.73,26.47,0,61.1
2023-02-15,west,widget,77.23,28.47,0,55.0
2023-02-16,north,widget,61.43,20.42,0,80.7
2023-02-16,north,gadget,64.57,22.42,0,84.6
2023-02-16,south,widget,71.8,24.42,0,75.1
2023-02-16,south,gadget,73.66,26.42,0,60.9
2023-02-16,west,widget,78.78,28.42,0,55.0
2023-02-17,north,widget,67.44,20.37,0,80.9
2023-02-17,north,gadget,81.08,22.37,0,84.6
2023-02-17,south,widget,81.15,24.37,0,74.9
2023-02-17,south,gadget,83.08,26.37,0,60.7
2023-02-17,west,widget,81.87,28.37,0,55.1
2023-02-18,north,widget,74.26,20.31,0,81.0
2023-02-18,north,gadget,78.08,22.31,0,84.5
2023-02-18,south,widget,83.39,24.31,0,74.7
2023-02-18,south,gadget,83.79,26.31,0,60.5
2023-02-18,west,widget,86.55,28.31,0,55.1
2023-02-19,north,widget,66.91,20.26,0,81.2
2023-02-19,north,gadget,65.09,22.26,0,84.4
2023-02-19,south,widget,75.51,24.26,0,74.4
2023-02-19,south,gadget,75.71,26.26,0,60.3
2023-02-19,west,widget,76.91,28.26,0,55.1
2023-02-20,north,widget,65.46,20.2,0,81.4
2023-02-20,north,gadget,69.58,22.2,0,84.4
2023-02-20,south,widget,70.21,24.2,0,74.2
2023-02-20,south,gadget,74.69,26.2,0,60.1
2023-02-20,west,widget,79.12,28.2,0,55.2
2023-02-21,north,widget,63.64,20.14,0,81.5
2023-02-21,north,gadget,68.51,22.14,0,84.3
2023-02-21,south,widget,70.26,24.14,0,73.9
2023-02-21,south,gadget,76.07,26.14,0,59.9
2023-02-21,west,widget,73.3,28.14,0,55.2
2023-02-22,north,widget,72.01,20.08,0,81.7
2023-02-22,north,gadget,71.2,22.08,0,84.2
2023-02-22,south,widget,69.76,24.08,0,73.7
2023-02-22,south,gadget,72.68,26.08,0,59.7
2023-02-22,west,widget,77.8,28.08,0,55.2
2023-02-23,north,widget,70.16,20.02,0,81.9
2023-02-23,north,gadget,75.26,22.02,0,84.1
2023-02-23,south,widget,79.74,24.02,0,73.4
2023-02-23,south,gadget,78.1,26.02,0,59.5
2023-02-23,west,widget,79.02,28.02,0,55.3
2023-02-24,north,widget,75.18,19.97,0,82.0
2023-02-24,north,gadget,74.97,21.97,0,84.0
2023-02-24,south,widget,83.18,23.97,0,73.2
2023-02-24,south,gadget,84.37,25.97,0,59.4
2023-02-24,west,widget,87.01,27.97,0,55.4
2023-02-25,north,widget,72.67,19.91,0,82.2
2023-02-25,north,gadget,77.14,21.91,0,84.0
2023-02-25,south,widget,85.77,23.91,0,72.9
2023-02-25,south,gadget,92.43,25.91,0,59.2
2023-02-25,west,widget,84.73,27.91,0,55.4
2023-02-26,north,widget,66.23,19.85,0,82.3
2023-02-26,north,gadget,75.13,21.85,0,83.9
2023-02-26,south,widget,71.34,23.85,0,72.6
2023-02-26,south,gadget,71.64,25.85,0,59.0
2023-02-26,west,widget,82.32,27.85,0,55.5
2023-02-27,north,widget,71.41,19.79,0,82.5
2023-02-27,north,gadget,77.34,21.79,0,83.8
2023-02-27,south,widget,74.99,23.79,0,72.4
2023-02-27,south,gadget,74.71,25.79,0,58.8
2023-02-27,west,widget,77.59,27.79,0,55.5
2023-02-28,north,widget,67.91,19.73,0,82.6
2023-02-28,north,gadget,69.4,21.73,0,83.6
2023-02-28,south,widget,73.24,23.73,0,72.1
2023-02-28,south,gadget,73.83,25.73,0,58.7
2023-02-28,west,widget,104.06,25.73,1,55.6
2023-03-01,north,widget,69.4,19.68,0,82.7
2023-03-01,north,gadget,72.06,21.68,0,83.5
2023-03-01,south,widget,73.52,23.68,0,71.9
2023-03-01,south,gadget,76.66,25.68,0,58.5
2023-03-01,west,widget,105.97,25.68,1,55.7
2023-03-02,north,widget,66.75,19.62,0,82.9
2023-03-02,north,gadget,75.68,21.62,0,83.4
2023-03-02,south,widget,73.56,23.62,0,71.6
2023-03-02,south,gadget,78.06,25.62,0,58.3
2023-03-02,west,widget,108.78,25.62,1,55.8
2023-03-03,north,widget,80.31,19.57,0,83.0
2023-03-03,north,gadget,77.2,21.57,0,83.3
2023-03-03,south,widget,78.46,23.57,0,71.4
2023-03-03,south,gadget,84.89,25.57,0,58.2
2023-03-03,west,widget,88.66,27.57,0,55.8
2023-03-04,north,widget,76.2,19.52,0,83.1
2023-03-04,north,gadget,75.49,21.52,0,83.2
2023-03-04,south,widget,80.97,23.52,0,71.1
2023-03-04,south,gadget,85.49,25.52,0,58.0
2023-03-04,west,widget,90.9,27.52,0,55.9
2023-03-05,north,widget,66.32,19.47,0,83.3
2023-03-05,north,gadget,73.47,21.47,0,83.1
2023-03-05,south,widget,74.12,23.47,0,70.9
2023-03-05,south,gadget,79.1,25.47,0,57.9
2023-03-05,west,widget,81.05,27.47,0,56.0
2023-03-06,north,widget,68.82,19.42,0,83.4
2023-03-06,north,gadget,77.93,21.42,0,82.9
2023-03-06,south,widget,78.42,23.42,0,70.6
2023-03-06,south,gadget,77.83,25.42,0,57.7
2023-03-06,west,widget,77.83,27.42,0,56.1
2023-03-07,north,widget,67.74,19.37,0,83.5
2023-03-07,north,gadget,74.21,21.37,0,82.8
2023-03-07,south,widget,78.96,23.37,0,70.3
2023-03-07,south,gadget,98.09,23.37,1,57.6
2023-03-07,west,widget,81.06,27.37,0,56.2
2023-03-08,north,widget,64.6,19.33,0,83.6
2023-03-08,north,gadget,76.1,21.33,0,82.7
2023-03-08,south,widget,78.46,23.33,0,70.1
2023-03-08,south,gadget,100.43,23.33,1,57.4
2023-03-08,west,widget,88.67,27.33,0,56.3
2023-03-09,north,widget,61.3,19.28,0,83.7
2023-03-09,north,gadget,74.92,21.28,0,82.5
2023-03-09,south,widget,74.91,23.28,0,69.8
2023-03-09,south,gadget,100.19,23.28,1,57.3
2023-03-09,west,widget,77.01,27.28,0,56.4
2023-03-10,north,widget,77.18,19.24,0,83.8
2023-03-10,north,gadget,81.36,21.24,0,82.4
2023-03-10,south,widget,81.42,23.24,0,69.6
2023-03-10,south,gadget,86.61,25.24,0,57.1
2023-03-10,west,widget,87.85,27.24,0,56.5
2023-03-11,north,widget,79.55,19.21,0,83.9
2023-03-11,north,gadget,78.75,21.21,0,82.2
2023-03-11,south,widget,86.53,23.21,0,69.3
2023-03-11,south,gadget,81.49,25.21,0,57.0
2023-03-11,west,widget,92.43,27.21,0,56.7
2023-03-12,north,widget,63.64,19.17,0,84.0
2023-03-12,north,gadget,76.9,21.17,0,82.1
2023-03-12,south,widget,73.6,23.17,0,69.0
2023-03-12,south,gadget,79.0,25.17,0,56.9
2023-03-12,west,widget,87.38,27.17,0,56.8
2023-03-13,north,widget,77.7,19.14,0,84.1
2023-03-13,north,gadget,81.57,21.14,0,81.9
2023-03-13,south,widget,74.55,23.14,0,68.8
2023-03-13,south,gadget,81.66,25.14,0,56.8
2023-03-13,west,widget,82.77,27.14,0,56.9
2023-03-14,north,widget,66.34,19.11,0,84.2
2023-03-14,north,gadget,67.93,21.11,0,81.8
2023-03-14,south,widget,100.3,21.11,1,68.5
2023-03-14,south,gadget,75.0,25.11,0,56.6
2023-03-14,west,widget,80.9,27.11,0,57.0
2023-03-15,north,widget,68.03,19.09,0,84.3
2023-03-15,north,gadget,69.29,21.09,0,81.6
2023-03-15,south,widget,99.29,21.09,1,68.3
2023-03-15,south,gadget,80.91,25.09,0,56.5
2023-03-15,west,widget,86.01,27.09,0,57.2
2023-03-16,north,widget,69.78,19.06,0,84.3
2023-03-16,north,gadget,71.82,21.06,0,81.4
2023-03-16,south,widget,93.65,21.06,1,68.0
2023-03-16,south,gadget,78.04,25.06,0,56.4
2023-03-16,west,widget,79.75,27.06,0,57.3
2023-03-17,north,widget,79.62,19.04,0,84.4
2023-03-17,north,gadget,80.12,21.04,0,81.3
2023-03-17,south,widget,87.28,23.04,0,67.8
2023-03-17,south,gadget,90.94,25.04,0,56.3
2023-03-17,west,widget,89.84,27.04,0,57.4
2023-03-18,north,widget,78.26,19.03,0,84.5
2023-03-18,north,gadget,84.07,21.03,0,81.1
2023-03-18,south,widget,84.77,23.03,0,67.5
2023-03-18,south,gadget,84.19,25.03,0,56.2
2023-03-18,west,widget,89.25,27.03,0,57.6
2023-03-19,north,widget,68.98,19.02,0,84.6
2023-03-19,north,gadget,69.15,21.02,0,80.9
2023-03-19,south,widget,75.07,23.02,0,67.3
2023-03-19,south,gadget,80.5,25.02,0,56.1
2023-03-19,west,widget,87.69,27.02,0,57.7
2023-03-20,north,widget,68.45,19.01,0,84.6
2023-03-20,north,gadget,71.05,21.01,0,80.7
2023-03-20,south,widget,76.78,23.01,0,67.0
2023-03-20,south,gadget,81.89,25.01,0,56.0
2023-03-20,west,widget,85.86,27.01,0,57.9
2023-03-21,north,widget,72.04,19.0,0,84.7
2023-03-21,north,gadget,100.7,19.0,1,80.6
2023-03-21,south,widget,81.91,23.0,0,66.8
2023-03-21,south,gadget,76.68,25.0,0,55.9
2023-03-21,west,widget,85.65,27.0,0,58.0
2023-03-22,north,widget,71.41,19.0,0,84.7
2023-03-22,north,gadget,95.64,19.0,1,80.4
2023-03-22,south,widget,71.58,23.0,0,66.5
2023-03-22,south,gadget,78.97,25.0,0,55.8
2023-03-22,west,widget,89.72,27.0,0,58.2
2023-03-23,north,widget,69.45,19.0,0,84.8
2023-03-23,north,gadget,101.58,19.0,1,80.2
2023-03-23,south,widget,76.01,23.0,0,66.2
2023-03-23,south,gadget,79.43,25.0,0,55.8
2023-03-23,west,widget,83.8,27.0,0,58.4
2023-03-24,north,widget,75.7,19.01,0,84.8
2023-03-24,north,gadget,81.67,21.01,0,80.0
2023-03-24,south,widget,90.06,23.01,0,66.0
2023-03-24,south,gadget,90.07,25.01,0,55.7
2023-03-24,west,widget,95.67,27.01,0,58.5
2023-03-25,north,widget,74.01,19.01,0,84.8
2023-03-25,north,gadget,86.72,21.01,0,79.8
2023-03-25,south,widget,80.67,23.01,0,65.8
2023-03-25,south,gadget,86.55,25.01,0,55.6
2023-03-25,west,widget,91.14,27.01,0,58.7
2023-03-26,north,widget,73.37,19.03,0,84.9
2023-03-26,north,gadget,75.16,21.03,0,79.6
2023-03-26,south,widget,78.91,23.03,0,65.5
2023-03-26,south,gadget,75.65,25.03,0,55.5
2023-03-26,west,widget,76.5,27.03,0,58.9
2023-03-27,north,widget,70.03,19.04,0,84.9
2023-03-27,north,gadget,68.92,21.04,0,79.4
2023-03-27,south,widget,78.23,23.04,0,65.3
2023-03-27,south,gadget,77.06,25.04,0,55.5
2023-03-27,west,widget,85.98,27.04,0,59.0
2023-03-28,north,widget,96.89,17.06,1,84.9
2023-03-28,north,gadget,71.72,21.06,0,79.2
2023-03-28,south,widget,76.02,23.06,0,65.0
2023-03-28,south,gadget,81.5,25.06,0,55.4
2023-03-28,west,widget,83.07,27.06,0,59.2
2023-03-29,north,widget,99.99,17.08,1,85.0
2023-03-29,north,gadget,74.52,21.08,0,79.0
2023-03-29,south,widget,79.41,23.08,0,64.8
2023-03-29,south,gadget,75.3,25.08,0,55.3
2023-03-29,west,widget,86.72,27.08,0,59.4
2023-03-30,north,widget,97.58,17.11,1,85.0
2023-03-30,north,gadget,72.29,21.11,0,78.8
2023-03-30,south,widget,77.32,23.11,0,64.5
2023-03-30,south,gadget,80.89,25.11,0,55.3
2023-03-30,west,widget,86.14,27.11,0,59.6
2023-03-31,north,widget,80.47,19.13,0,85.0
2023-03-31,north,gadget,77.66,21.13,0,78.6
2023-03-31,south,widget,86.96,23.13,0,64.3
2023-03-31,south,gadget,87.01,25.13,0,55.2
2023-03-31,west,widget,88.18,27.13,0,59.8
2023-04-01,north,widget,78.93,19.16,0,85.0
2023-04-01,north,gadget,78.14,21.16,0,78.4
2023-04-01,south,widget,88.38,23.16,0,64.1
2023-04-01,south,gadget,84.25,25.16,0,55.2
2023-04-01,west,widget,88.28,27.16,0,60.0
2023-04-02,north,widget,71.12,19.2,0,85.0
2023-04-02,north,gadget,74.33,21.2,0,78.2
2023-04-02,south,widget,72.3,23.2,0,63.8
2023-04-02,south,gadget,78.45,25.2,0,55.2
2023-04-02,west,widget,83.54,27.2,0,60.1
2023-04-03,north,widget,74.3,19.23,0,85.0
2023-04-03,north,gadget,74.83,21.23,0,77.9
2023-04-03,south,widget,71.24,23.23,0,63.6
2023-04-03,south,gadget,76.82,25.23,0,55.1
2023-04-03,west,widget,87.57,27.23,0,60.3
2023-04-04,north,widget,69.22,19.27,0,85.0
2023-04-04,north,gadget,75.37,21.27,0,77.7
2023-04-04,south,widget,74.09,23.27,0,63.3
2023-04-04,south,gadget,79.51,25.27,0,55.1
2023-04-04,west,widget,86.02,27.27,0,60.5
2023-04-05,north,widget,71.93,19.32,0,85.0
2023-04-05,north,gadget,76.97,21.32,0,77.5
2023-04-05,south,widget,76.38,23.32,0,63.1
2023-04-05,south,gadget,82.16,25.32,0,55.1
2023-04-05,west,widget,79.19,27.32,0,60.7
2023-04-06,north,widget,70.7,19.36,0,85.0
2023-04-06,north,gadget,68.1,21.36,0,77.3
2023-04-06,south,widget,79.84,23.36,0,62.9
2023-04-06,south,gadget,77.55,25.36,0,55.0
2023-04-06,west,widget,83.36,27.36,0,60.9
2023-04-07,north,widget,77.86,19.41,0,84.9
2023-04-07,north,gadget,78.04,21.41,0,77.0
2023-04-07,south,widget,81.55,23.41,0,62.7
2023-04-07,south,gadget,88.18,25.41,0,55.0
2023-04-07,west,widget,94.24,27.41,0,61.2
2023-04-08,north,widget,77.74,19.45,0,84.9
2023-04-08,north,gadget,83.01,21.45,0,76.8
2023-04-08,south,widget,80.81,23.45,0,62.4
2023-04-08,south,gadget,83.26,25.45,0,55.0
2023-04-08,west,widget,88.7,27.45,0,61.4
2023-04-09,north,widget,69.69,19.5,0,84.9
2023-04-09,north,gadget,69.84,21.5,0,76.6
2023-04-09,south,widget,72.29,23.5,0,62.2
2023-04-09,south,gadget,80.85,25.5,0,55.0
2023-04-09,west,widget,84.34,27.5,0,61.6
2023-04-10,north,widget,59.19,19.56,0,84.9
2023-04-10,north,gadget,74.05,21.56,0,76.4
2023-04-10,south,widget,77.2,23.56,0,62.0
2023-04-10,south,gadget,77.47,25.56,0,55.0
2023-04-10,west,widget,86.05,27.56,0,61.8
2023-04-11,north,widget,67.28,19.61,0,84.8
2023-04-11,north,gadget,75.3,21.61,0,76.1
2023-04-11,south,widget,71.54,23.61,0,61.8
2023-04-11,south,gadget,70.6,25.61,0,55.0
2023-04-11,west,widget,86.25,27.61,0,62.0
2023-04-12,north,widget,71.65,19.66,0,84.8
2023-04-12,north,gadget,62.12,21.66,0,75.9
2023-04-12,south,widget,68.5,23.66,0,61.6
2023-04-12,south,gadget,77.24,25.66,0,55.0
2023-04-12,west,widget,112.29,25.66,1,62.2
2023-04-13,north,widget,72.76,19.72,0,84.7
2023-04-13,north,gadget,68.57,21.72,0,75.6
2023-04-13,south,widget,72.68,23.72,0,61.4
2023-04-13,south,gadget,73.47,25.72,0,55.0
2023-04-13,west,widget,108.91,25.72,1,62.5
2023-04-14,north,widget,75.57,19.78,0,84.7
2023-04-14,north,gadget,78.97,21.78,0,75.4
2023-04-14,south,widget,78.55,23.78,0,61.1
2023-04-14,south,gadget,84.24,25.78,0,55.0
2023-04-14,west,widget,116.85,25.78,1,62.7
2023-04-15,north,widget,75.56,19.84,0,84.6
2023-04-15,north,gadget,78.58,21.84,0,75.2
2023-04-15,south,widget,80.95,23.84,0,60.9
2023-04-15,south,gadget,80.68,25.84,0,55.0
2023-04-15,west,widget,84.71,27.84,0,62.9
2023-04-16,north,widget,69.99,19.89,0,84.6
2023-04-16,north,gadget,71.03,21.89,0,74.9
2023-04-16,south,widget,68.28,23.89,0,60.7
2023-04-16,south,gadget,74.93,25.89,0,55.1
2023-04-16,west,widget,81.08,27.89,0,63.1
2023-04-17,north,widget,70.16,19.95,0,84.5
2023-04-17,north,gadget,72.42,21.95,0,74.7
2023-04-17,south,widget,71.64,23.95,0,60.5
2023-04-17,south,gadget,78.42,25.95,0,55.1
2023-04-17,west,widget,77.35,27.95,0,63.4
2023-04-18,north,widget,67.13,20.01,0,84.5
2023-04-18,north,gadget,69.88,22.01,0,74.4
2023-04-18,south,widget,72.9,24.01,0,60.3
2023-04-18,south,gadget,70.14,26.01,0,55.1
2023-04-18,west,widget,81.32,28.01,0,63.6
2023-04-19,north,widget,70.18,20.07,0,84.4
2023-04-19,north,gadget,70.95,22.07,0,74.2
2023-04-19,south,widget,73.85,24.07,0,60.1
2023-04-19,south,gadget,95.61,24.07,1,55.2
2023-04-19,west,widget,77.54,28.07,0,63.8
2023-04-20,north,widget,67.58,20.13,0,84.3
2023-04-20,north,gadget,66.84,22.13,0,73.9
2023-04-20,south,widget,73.36,24.13,0,59.9
2023-04-20,south,gadget,102.19,24.13,1,55.2
2023-04-20,west,widget,85.23,28.13,0,64.1
2023-04-21,north,widget,79.37,20.19,0,84.2
2023-04-21,north,gadget,75.96,22.19,0,73.7
2023-04-21,south,widget,78.43,24.19,0,59.8
2023-04-21,south,gadget,113.52,24.19,1,55.2
2023-04-21,west,widget,89.37,28.19,0,64.3
2023-04-22,north,widget,77.61,20.24,0,84.1
2023-04-22,north,gadget,81.73,22.24,0,73.4
2023-04-22,south,widget,83.26,24.24,0,59.6
2023-04-22,south,gadget,88.23,26.24,0,55.3
2023-04-22,west,widget,89.4,28.24,0,64.5
2023-04-23,north,widget,71.39,20.3,0,84.1
2023-04-23,north,gadget,71.79,22.3,0,73.2
2023-04-23,south,widget,74.08,24.3,0,59.4
2023-04-23,south,gadget,77.69,26.3,0,55.3
2023-04-23,west,widget,82.82,28.3,0,64.8
2023-04-24,north,widget,67.25,20.36,0,84.0
2023-04-24,north,gadget,74.14,22.36,0,72.9
2023-04-24,south,widget,73.86,24.36,0,59.2
2023-04-24,south,gadget,74.3,26.36,0,55.4
2023-04-24,west,widget,76.69,28.36,0,65.0
2023-04-25,north,widget,66.83,20.41,0,83.9
2023-04-25,north,gadget,69.56,22.41,0,72.7
2023-04-25,south,widget,71.52,24.41,0,59.0
2023-04-25,south,gadget,76.18,26.41,0,55.5
2023-04-25,west,widget,81.58,28.41,0,65.3
2023-04-26,north,widget,65.41,20.46,0,83.8
2023-04-26,north,gadget,68.16,22.46,0,72.4
2023-04-26,south,widget,94.79,22.46,1,58.8
2023-04-26,south,gadget,74.44,26.46,0,55.5
2023-04-26,west,widget,74.79,28.46,0,65.5
2023-04-27,north,widget,66.91,20.51,0,83.7
2023-04-27,north,gadget,70.13,22.51,0,72.2
2023-04-27,south,widget,93.95,22.51,1,58.7
2023-04-27,south,gadget,77.14,26.51,0,55.6
2023-04-27,west,widget,85.9,28.51,0,65.8
2023-04-28,north,widget,83.89,20.56,0,83.6
2023-04-28,north,gadget,75.97,22.56,0,71.9
2023-04-28,south,widget,107.4,22.56,1,58.5
2023-04-28,south,gadget,79.02,26.56,0,55.7
2023-04-28,west,widget,87.07,28.56,0,66.0
2023-04-29,north,widget,72.9,20.61,0,83.4
2023-04-29,north,gadget,78.62,22.61,0,71.7
2023-04-29,south,widget,73.7,24.61,0,58.3
2023-04-29,south,gadget,88.48,26.61,0,55.8
2023-04-29,west,widget,93.23,28.61,0,66.3
2023-04-30,north,widget,65.68,20.66,0,83.3
2023-04-30,north,gadget,67.72,22.66,0,71.4
2023-04-30,south,widget,67.52,24.66,0,58.2
2023-04-30,south,gadget,81.76,26.66,0,55.8
2023-04-30,west,widget,82.86,28.66,0,66.5
2023-05-01,north,widget,67.14,20.7,0,83.2
2023-05-01,north,gadget,65.46,22.7,0,71.1
2023-05-01,south,widget,73.77,24.7,0,58.0
2023-05-01,south,gadget,76.18,26.7,0,55.9
2023-05-01,west,widget,83.13,28.7,0,66.8
2023-05-02,north,widget,62.26,20.74,0,83.1
2023-05-02,north,gadget,64.62,22.74,0,70.9
2023-05-02,south,widget,70.76,24.74,0,57.9
2023-05-02,south,gadget,75.27,26.74,0,56.0
2023-05-02,west,widget,81.45,28.74,0,67.0
2023-05-03,north,widget,64.45,20.78,0,82.9
2023-05-03,north,gadget,96.18,20.78,1,70.6
2023-05-03,south,widget,74.88,24.78,0,57.7
2023-05-03,south,gadget,76.62,26.78,0,56.1
2023-05-03,west,widget,87.48,28.78,0,67.3
2023-05-04,north,widget,64.48,20.81,0,82.8
2023-05-04,north,gadget,89.69,20.81,1,70.4
2023-05-04,south,widget,74.46,24.81,0,57.6
2023-05-04,south,gadget,70.8,26.81,0,56.2
2023-05-04,west,widget,83.91,28.81,0,67.5
2023-05-05,north,widget,74.07,20.85,0,82.7
2023-05-05,north,gadget,105.06,20.85,1,70.1
2023-05-05,south,widget,77.45,24.85,0,57.4
2023-05-05,south,gadget,79.47,26.85,0,56.3
2023-05-05,west,widget,85.11,28.85,0,67.8
2023-05-06,north,widget,79.29,20.88,0,82.5
2023-05-06,north,gadget,80.51,22.88,0,69.8
2023-05-06,south,widget,82.41,24.88,0,57.3
2023-05-06,south,gadget,81.57,26.88,0,56.4
2023-05-06,west,widget,87.09,28.88,0,68.0
2023-05-07,north,widget,68.65,20.9,0,82.4
2023-05-07,north,gadget,64.88,22.9,0,69.6
2023-05-07,south,widget,72.35,24.9,0,57.2
2023-05-07,south,gadget,75.82,26.9,0,56.5
2023-05-07,west,widget,81.69,28.9,0,68.3
2023-05-08,north,widget,60.66,20.93,0,82.2
2023-05-08,north,gadget,66.34,22.93,0,69.3
2023-05-08,south,widget,69.28,24.93,0,57.0
2023-05-08,south,gadget,75.48,26.93,0,56.7
2023-05-08,west,widget,82.57,28.93,0,68.5
2023-05-09,north,widget,66.68,20.95,0,82.1
2023-05-09,north,gadget,69.81,22.95,0,69.1
2023-05-09,south,widget,64.6,24.95,0,56.9
2023-05-09,south,gadget,74.02,26.95,0,56.8
2023-05-09,west,widget,79.83,28.95,0,68.8
2023-05-10,north,widget,90.09,18.96,1,81.9
2023-05-10,north,gadget,64.6,22.96,0,68.8
2023-05-10,south,widget,66.78,24.96,0,56.8
2023-05-10,south,gadget,73.58,26.96,0,56.9
2023-05-10,west,widget,79.44,28.96,0,69.1
2023-05-11,north,widget,86.22,18.98,1,81.8
2023-05-11,north,gadget,65.89,22.98,0,68.6
2023-05-11,south,widget,74.08,24.98,0,56.7
2023-05-11,south,gadget,76.67,26.98,0,57.0
2023-05-11,west,widget,78.04,28.98,0,69.3
2023-05-12,north,widget,98.37,18.99,1,81.6
2023-05-12,north,gadget,73.23,22.99,0,68.3
2023-05-12,south,widget,81.94,24.99,0,56.5
2023-05-12,south,gadget,88.2,26.99,0,57.2
2023-05-12,west,widget,88.69,28.99,0,69.6
2023-05-13,north,widget,68.19,21.0,0,81.5
2023-05-13,north,gadget,69.94,23.0,0,68.0
2023-05-13,south,widget,79.86,25.0,0,56.4
2023-05-13,south,gadget,85.79,27.0,0,57.3
2023-05-13,west,widget,88.35,29.0,0,69.8
2023-05-14,north,widget,62.64,21.0,0,81.3
2023-05-14,north,gadget,65.9,23.0,0,67.8
2023-05-14,south,widget,70.97,25.0,0,56.3
2023-05-14,south,gadget,75.1,27.0,0,57.4
2023-05-14,west,widget,78.73,29.0,0,70.1
2023-05-15,north,widget,63.67,21.0,0,81.1
2023-05-15,north,gadget,66.74,23.0,0,67.5
2023-05-15,south,widget,70.9,25.0,0,56.2
2023-05-15,south,gadget,75.66,27.0,0,57.6
2023-05-15,west,widget,82.75,29.0,0,70.4
2023-05-16,north,widget,59.87,21.0,0,80.9
2023-05-16,north,gadget,71.71,23.0,0,67.3
2023-05-16,south,widget,69.0,25.0,0,56.1
2023-05-16,south,gadget,69.9,27.0,0,57.7
2023-05-16,west,widget,82.95,29.0,0,70.6
2023-05-17,north,widget,63.09,20.99,0,80.8
2023-05-17,north,gadget,70.19,22.99,0,67.0
2023-05-17,south,widget,67.87,24.99,0,56.0
2023-05-17,south,gadget,73.74,26.99,0,57.9
2023-05-17,west,widget,81.27,28.99,0,70.9
2023-05-18,north,widget,59.21,20.98,0,80.6
2023-05-18,north,gadget,64.35,22.98,0,66.8
2023-05-18,south,widget,72.1,24.98,0,55.9
2023-05-18,south,gadget,71.73,26.98,0,58.0
2023-05-18,west,widget,76.54,28.98,0,71.1
2023-05-19,north,widget,71.48,20.97,0,80.4
2023-05-19,north,gadget,74.52,22.97,0,66.5
2023-05-19,south,widget,79.79,24.97,0,55.8
2023-05-19,south,gadget,77.25,26.97,0,58.2
2023-05-19,west,widget,90.2,28.97,0,71.4
2023-05-20,north,widget,71.51,20.95,0,80.2
2023-05-20,north,gadget,77.24,22.95,0,66.3
2023-05-20,south,widget,75.03,24.95,0,55.8
2023-05-20,south,gadget,81.27,26.95,0,58.3
2023-05-20,west,widget,90.08,28.95,0,71.6
2023-05-21,north,widget,61.87,20.93,0,80.0
2023-05-21,north,gadget,67.26,22.93,0,66.0
2023-05-21,south,widget,68.36,24.93,0,55.7
2023-05-21,south,gadget,68.05,26.93,0,58.5
2023-05-21,west,widget,78.56,28.93,0,71.9
2023-05-22,north,widget,59.6,20.9,0,79.8
2023-05-22,north,gadget,63.98,22.9,0,65.8
2023-05-22,south,widget,67.5,24.9,0,55.6
2023-05-22,south,gadget,72.91,26.9,0,58.7
2023-05-22,west,widget,76.83,28.9,0,72.2
2023-05-23,north,widget,65.36,20.88,0,79.6
2023-05-23,north,gadget,66.79,22.88,0,65.5
2023-05-23,south,widget,67.22,24.88,0,55.5
2023-05-23,south,gadget,69.03,26.88,0,58.8
2023-05-23,west,widget,78.57,28.88,0,72.4
2023-05-24,north,widget,65.04,20.85,0,79.4
2023-05-24,north,gadget,60.08,22.85,0,65.3
2023-05-24,south,widget,68.68,24.85,0,55.5
2023-05-24,south,gadget,72.38,26.85,0,59.0
2023-05-24,west,widget,76.18,28.85,0,72.7
2023-05-25,north,widget,60.42,20.82,0,79.2
2023-05-25,north,gadget,67.29,22.82,0,65.0
2023-05-25,south,widget,67.43,24.82,0,55.4
2023-05-25,south,gadget,79.18,26.82,0,59.2
2023-05-25,west,widget,103.53,26.82,1,72.9
2023-05-26,north,widget,75.04,20.78,0,79.0
2023-05-26,north,gadget,73.2,22.78,0,64.8
2023-05-26,south,widget,76.43,24.78,0,55.3
2023-05-26,south,gadget,85.43,26.78,0,59.4
2023-05-26,west,widget,108.81,26.78,1,73.2
2023-05-27,north,widget,69.8,20.74,0,78.8
2023-05-27,north,gadget,72.23,22.74,0,64.6
2023-05-27,south,widget,71.37,24.74,0,55.3
2023-05-27,south,gadget,81.03,26.74,0,59.6
2023-05-27,west,widget,111.97,26.74,1,73.4
2023-05-28,north,widget,65.23,20.7,0,78.6
2023-05-28,north,gadget,68.37,22.7,0,64.3
2023-05-28,south,widget,64.85,24.7,0,55.2
2023-05-28,south,gadget,70.95,26.7,0,59.7
2023-05-28,west,widget,78.16,28.7,0,73.7
2023-05-29,north,widget,62.22,20.66,0,78.4
2023-05-29,north,gadget,64.76,22.66,0,64.1
2023-05-29,south,widget,66.95,24.66,0,55.2
2023-05-29,south,gadget,68.76,26.66,0,59.9
2023-05-29,west,widget,75.14,28.66,0,73.9
2023-05-30,north,widget,61.17,20.61,0,78.2
2023-05-30,north,gadget,67.0,22.61,0,63.8
2023-05-30,south,widget,67.67,24.61,0,55.2
2023-05-30,south,gadget,70.31,26.61,0,60.1
2023-05-30,west,widget,79.63,28.61,0,74.2
2023-05-31,north,widget,58.32,20.57,0,78.0
2023-05-31,north,gadget,62.18,22.57,0,63.6
2023-05-31,south,widget,68.67,24.57,0,55.1
2023-05-31,south,gadget,72.19,26.57,0,60.3
2023-05-31,west,widget,79.78,28.57,0,74.4
2023-06-01,north,widget,64.38,20.52,0,77.7
2023-06-01,north,gadget,61.42,22.52,0,63.4
2023-06-01,south,widget,58.46,24.52,0,55.1
2023-06-01,south,gadget,97.47,24.52,1,60.5
2023-06-01,west,widget,81.61,28.52,0,74.7
2023-06-02,north,widget,66.25,20.46,0,77.5
2023-06-02,north,gadget,74.18,22.46,0,63.1
2023-06-02,south,widget,76.0,24.46,0,55.1
2023-06-02,south,gadget,97.19,24.46,1,60.7
2023-06-02,west,widget,80.26,28.46,0,74.9
2023-06-03,north,widget,72.7,20.41,0,77.3
2023-06-03,north,gadget,71.79,22.41,0,62.9
2023-06-03,south,widget,72.6,24.41,0,55.0
2023-06-03,south,gadget,105.75,24.41,1,60.9
2023-06-03,west,widget,86.09,28.41,0,75.2
2023-06-04,north,widget,63.68,20.36,0,77.1
2023-06-04,north,gadget,61.5,22.36,0,62.7
2023-06-04,south,widget,62.19,24.36,0,55.0
2023-06-04,south,gadget,71.07,26.36,0,61.1
2023-06-04,west,widget,83.13,28.36,0,75.4
2023-06-05,north,widget,63.41,20.3,0,76.8
2023-06-05,north,gadget,61.26,22.3,0,62.5
2023-06-05,south,widget,67.51,24.3,0,55.0
2023-06-05,south,gadget,71.06,26.3,0,61.3
2023-06-05,west,widget,78.42,28.3,0,75.6
2023-06-06,north,widget,64.69,20.25,0,76.6
2023-06-06,north,gadget,61.28,22.25,0,62.2
2023-06-06,south,widget,66.25,24.25,0,55.0
2023-06-06,south,gadget,67.28,26.25,0,61.6
2023-06-06,west,widget,81.76,28.25,0,75.9
2023-06-07,north,widget,56.21,20.19,0,76.4
2023-06-07,north,gadget,65.45,22.19,0,62.0
2023-06-07,south,widget,62.38,24.19,0,55.0
2023-06-07,south,gadget,72.36,26.19,0,61.8
2023-06-07,west,widget,77.17,28.19,0,76.1
2023-06-08,north,widget,62.49,20.13,0,76.1
2023-06-08,north,gadget,61.4,22.13,0,61.8
2023-06-08,south,widget,91.84,22.13,1,55.0
2023-06-08,south,gadget,70.1,26.13,0,62.0
2023-06-08,west,widget,79.36,28.13,0,76.3
2023-06-09,north,widget,66.09,20.07,0,75.9
2023-06-09,north,gadget,68.92,22.07,0,61.6
2023-06-09,south,widget,96.06,22.07,1,55.0
2023-06-09,south,gadget,82.18,26.07,0,62.2
2023-06-09,west,widget,86.07,28.07,0,76.6
2023-06-10,north,widget,65.38,20.01,0,75.7
2023-06-10,north,gadget,71.46,22.01,0,61.4
2023-06-10,south,widget,101.23,22.01,1,55.0
2023-06-10,south,gadget,80.65,26.01,0,62.4
2023-06-10,west,widget,83.97,28.01,0,76.8
2023-06-11,north,widget,62.34,19.95,0,75.4
2023-06-11,north,gadget,64.09,21.95,0,61.2
2023-06-11,south,widget,63.06,23.95,0,55.0
2023-06-11,south,gadget,74.16,25.95,0,62.7
2023-06-11,west,widget,74.11,27.95,0,77.0
2023-06-12,north,widget,59.27,19.9,0,75.2
2023-06-12,north,gadget,60.01,21.9,0,61.0
2023-06-12,south,widget,65.06,23.9,0,55.0
2023-06-12,south,gadget,68.45,25.9,0,62.9
2023-06-12,west,widget,73.41,27.9,0,77.3
2023-06-13,north,widget,59.87,19.84,0,74.9
2023-06-13,north,gadget,58.78,21.84,0,60.8
2023-06-13,south,widget,75.57,23.84,0,55.1
2023-06-13,south,gadget,73.31,25.84,0,63.1
2023-06-13,west,widget,78.26,27.84,0,77.5
2023-06-14,north,widget,55.57,19.78,0,74.7
2023-06-14,north,gadget,62.18,21.78,0,60.6
2023-06-14,south,widget,66.0,23.78,0,55.1
2023-06-14,south,gadget,66.63,25.78,0,63.3
2023-06-14,west,widget,75.02,27.78,0,77.7
2023-06-15,north,widget,61.46,19.72,0,74.5
2023-06-15,north,gadget,89.63,19.72,1,60.4
2023-06-15,south,widget,64.76,23.72,0,55.1
2023-06-15,south,gadget,69.02,25.72,0,63.6
2023-06-15,west,widget,83.88,27.72,0,77.9
2023-06-16,north,widget,68.55,19.67,0,74.2
2023-06-16,north,gadget,94.96,19.67,1,60.2
2023-06-16,south,widget,72.81,23.67,0,55.2
2023-06-16,south,gadget,80.73,25.67,0,63.8
2023-06-16,west,widget,82.95,27.67,0,78.1
2023-06-17,north,widget,67.71,19.61,0,74.0
2023-06-17,north,gadget,95.47,19.61,1,60.0
2023-06-17,south,widget,73.33,23.61,0,55.2
2023-06-17,south,gadget,71.99,25.61,0,64.0
2023-06-17,west,widget,83.64,27.61,0,78.4
2023-06-18,north,widget,59.16,19.56,0,73.7
2023-06-18,north,gadget,62.77,21.56,0,59.8
2023-06-18,south,widget,63.72,23.56,0,55.2
2023-06-18,south,gadget,68.82,25.56,0,64.3
2023-06-18,west,widget,76.55,27.56,0,78.6
2023-06-19,north,widget,62.26,19.51,0,73.5
2023-06-19,north,gadget,60.38,21.51,0,59.6
2023-06-19,south,widget,61.23,23.51,0,55.3
2023-06-19,south,gadget,73.18,25.51,0,64.5
2023-06-19,west,widget,74.28,27.51,0,78.8
2023-06-20,north,widget,61.94,19.46,0,73.2
2023-06-20,north,gadget,58.46,21.46,0,59.4
2023-06-20,south,widget,64.88,23.46,0,55.3
2023-06-20,south,gadget,70.5,25.46,0,64.8
2023-06-20,west,widget,75.45,27.46,0,79.0
2023-06-21,north,widget,63.08,19.41,0,73.0
2023-06-21,north,gadget,57.57,21.41,0,59.2
2023-06-21,south,widget,67.1,23.41,0,55.4
2023-06-21,south,gadget,67.11,25.41,0,65.0
2023-06-21,west,widget,75.01,27.41,0,79.2
2023-06-22,north,widget,86.97,17.36,1,72.7
2023-06-22,north,gadget,58.47,21.36,0,59.0
2023-06-22,south,widget,65.28,23.36,0,55.5
2023-06-22,south,gadget,72.35,25.36,0,65.2
2023-06-22,west,widget,78.42,27.36,0,79.4
2023-06-23,north,widget,89.29,17.32,1,72.4
2023-06-23,north,gadget,67.71,21.32,0,58.9
2023-06-23,south,widget,73.66,23.32,0,55.5
2023-06-23,south,gadget,75.45,25.32,0,65.5
2023-06-23,west,widget,89.54,27.32,0,79.6
2023-06-24,north,widget,89.11,17.28,1,72.2
2023-06-24,north,gadget,63.46,21.28,0,58.7
2023-06-24,south,widget,76.49,23.28,0,55.6
2023-06-24,south,gadget,74.18,25.28,0,65.7
2023-06-24,west,widget,84.67,27.28,0,79.8
2023-06-25,north,widget,59.36,19.24,0,71.9
2023-06-25,north,gadget,63.39,21.24,0,58.5
2023-06-25,south,widget,67.01,23.24,0,55.7
2023-06-25,south,gadget,75.27,25.24,0,66.0
2023-06-25,west,widget,78.39,27.24,0,80.0
2023-06-26,north,widget,56.88,19.2,0,71.7
2023-06-26,north,gadget,56.64,21.2,0,58.4
2023-06-26,south,widget,63.53,23.2,0,55.7
2023-06-26,south,gadget,75.01,25.2,0,66.2
2023-06-26,west,widget,75.56,27.2,0,80.2
2023-06-27,north,widget,59.08,19.17,0,71.4
2023-06-27,north,gadget,59.78,21.17,0,58.2
2023-06-27,south,widget,64.82,23.17,0,55.8
2023-06-27,south,gadget,68.21,25.17,0,66.5
2023-06-27,west,widget,72.13,27.17,0,80.4
2023-06-28,north,widget,58.49,19.13,0,71.2
2023-06-28,north,gadget,58.25,21.13,0,58.0
2023-06-28,south,widget,65.66,23.13,0,55.9
2023-06-28,south,gadget,69.45,25.13,0,66.7
2023-06-28,west,widget,79.97,27.13,0,80.6
2023-06-29,north,widget,60.45,19.11,0,70.9
2023-06-29,north,gadget,62.33,21.11,0,57.9
2023-06-29,south,widget,61.32,23.11,0,56.0
2023-06-29,south,gadget,64.93,25.11,0,67.0
2023-06-29,west,widget,75.92,27.11,0,80.7
2023-06-30,north,widget,59.83,19.08,0,70.6
2023-06-30,north,gadget,66.21,21.08,0,57.7
2023-06-30,south,widget,73.77,23.08,0,56.1
2023-06-30,south,gadget,75.98,25.08,0,67.2
2023-06-30,west,widget,80.51,27.08,0,80.9
2023-07-01,north,widget,64.25,19.06,0,70.4
2023-07-01,north,gadget,66.22,21.06,0,57.6
2023-07-01,south,widget,67.81,23.06,0,56.2
2023-07-01,south,gadget,77.51,25.06,0,67.5
2023-07-01,west,widget,83.61,27.06,0,81.1
2023-07-02,north,widget,59.62,19.04,0,70.1
2023-07-02,north,gadget,55.95,21.04,0,57.4
2023-07-02,south,widget,65.01,23.04,0,56.3
2023-07-02,south,gadget,65.62,25.04,0,67.8
2023-07-02,west,widget,72.06,27.04,0,81.3
2023-07-03,north,widget,59.76,19.03,0,69.9
2023-07-03,north,gadget,54.5,21.03,0,57.3
2023-07-03,south,widget,64.93,23.03,0,56.4
2023-07-03,south,gadget,70.44,25.03,0,68.0
2023-07-03,west,widget,71.96,27.03,0,81.4
2023-07-04,north,widget,56.26,19.01,0,69.6
2023-07-04,north,gadget,56.91,21.01,0,57.2
2023-07-04,south,widget,66.78,23.01,0,56.5
2023-07-04,south,gadget,73.59,25.01,0,68.3
2023-07-04,west,widget,73.56,27.01,0,81.6
2023-07-05,north,widget,54.68,19.01,0,69.4
2023-07-05,north,gadget,58.31,21.01,0,57.0
2023-07-05,south,widget,62.49,23.01,0,56.6
2023-07-05,south,gadget,69.15,25.01,0,68.5
2023-07-05,west,widget,74.88,27.01,0,81.8
2023-07-06,north,widget,58.21,19.0,0,69.1
2023-07-06,north,gadget,62.42,21.0,0,56.9
2023-07-06,south,widget,61.1,23.0,0,56.8
2023-07-06,south,gadget,70.69,25.0,0,68.8
2023-07-06,west,widget,73.83,27.0,0,81.9
2023-07-07,north,widget,63.26,19.0,0,68.8
2023-07-07,north,gadget,64.9,21.0,0,56.8
2023-07-07,south,widget,68.16,23.0,0,56.9
2023-07-07,south,gadget,77.78,25.0,0,69.0
2023-07-07,west,widget,105.69,25.0,1,82.1
2023-07-08,north,widget,61.38,19.0,0,68.6
2023-07-08,north,gadget,61.46,21.0,0,56.7
2023-07-08,south,widget,68.07,23.0,0,57.0
2023-07-08,south,gadget,75.69,25.0,0,69.3
2023-07-08,west,widget,102.27,25.0,1,82.2
2023-07-09,north,widget,53.04,19.01,0,68.3
2023-07-09,north,gadget,58.02,21.01,0,56.6
2023-07-09,south,widget,63.82,23.01,0,57.1
2023-07-09,south,gadget,67.0,25.01,0,69.6
2023-07-09,west,widget,100.04,25.01,1,82.4
2023-07-10,north,widget,55.51,19.02,0,68.1
2023-07-10,north,gadget,56.78,21.02,0,56.4
2023-07-10,south,widget,58.29,23.02,0,57.3
2023-07-10,south,gadget,65.13,25.02,0,69.8
2023-07-10,west,widget,73.63,27.02,0,82.5
2023-07-11,north,widget,53.41,19.03,0,67.8
2023-07-11,north,gadget,53.2,21.03,0,56.3
2023-07-11,south,widget,66.22,23.03,0,57.4
2023-07-11,south,gadget,69.55,25.03,0,70.1
2023-07-11,west,widget,68.9,27.03,0,82.7
2023-07-12,north,widget,63.21,19.04,0,67.6
2023-07-12,north,gadget,62.31,21.04,0,56.2
2023-07-12,south,widget,56.79,23.04,0,57.6
2023-07-12,south,gadget,61.33,25.04,0,70.3
2023-07-12,west,widget,71.74,27.04,0,82.8
2023-07-13,north,widget,55.35,19.06,0,67.3
2023-07-13,north,gadget,55.13,21.06,0,56.1
2023-07-13,south,widget,62.55,23.06,0,57.7
2023-07-13,south,gadget,70.11,25.06,0,70.6
2023-07-13,west,widget,69.16,27.06,0,82.9
2023-07-14,north,widget,63.87,19.09,0,67.0
2023-07-14,north,gadget,67.08,21.09,0,56.0
2023-07-14,south,widget,65.11,23.09,0,57.9
2023-07-14,south,gadget,103.73,23.09,1,70.8
2023-07-14,west,widget,80.66,27.09,0,83.1
2023-07-15,north,widget,66.21,19.11,0,66.8
2023-07-15,north,gadget,65.9,21.11,0,55.9
2023-07-15,south,widget,67.87,23.11,0,58.0
2023-07-15,south,gadget,104.93,23.11,1,71.1
2023-07-15,west,widget,78.88,27.11,0,83.2
2023-07-16,north,widget,49.57,19.14,0,66.5
2023-07-16,north,gadget,56.75,21.14,0,55.9
2023-07-16,south,widget,59.49,23.14,0,58.2
2023-07-16,south,gadget,90.72,23.14,1,71.4
2023-07-16,west,widget,75.82,27.14,0,83.3
2023-07-17,north,widget,57.12,19.17,0,66.3
2023-07-17,north,gadget,51.5,21.17,0,55.8
2023-07-17,south,widget,59.28,23.17,0,58.3
2023-07-17,south,gadget,67.51,25.17,0,71.6
2023-07-17,west,widget,72.41,27.17,0,83.4
2023-07-18,north,widget,55.73,19.2,0,66.0
2023-07-18,north,gadget,59.58,21.2,0,55.7
2023-07-18,south,widget,61.15,23.2,0,58.5
2023-07-18,south,gadget,64.27,25.2,0,71.9
2023-07-18,west,widget,69.72,27.2,0,83.5
2023-07-19,north,widget,51.5,19.24,0,65.8
2023-07-19,north,gadget,52.23,21.24,0,55.6
2023-07-19,south,widget,58.88,23.24,0,58.7
2023-07-19,south,gadget,67.82,25.24,0,72.1
2023-07-19,west,widget,69.1,27.24,0,83.6
2023-07-20,north,widget,52.06,19.28,0,65.5
2023-07-20,north,gadget,55.11,21.28,0,55.5
2023-07-20,south,widget,58.69,23.28,0,58.8
2023-07-20,south,gadget,60.72,25.28,0,72.4
2023-07-20,west,widget,72.24,27.28,0,83.7
2023-07-21,north,widget,62.82,19.32,0,65.3
2023-07-21,north,gadget,67.58,21.32,0,55.5
2023-07-21,south,widget,88.94,21.32,1,59.0
2023-07-21,south,gadget,73.66,25.32,0,72.6
2023-07-21,west,widget,77.06,27.32,0,83.9
2023-07-22,north,widget,57.98,19.37,0,65.1
2023-07-22,north,gadget,61.8,21.37,0,55.4
2023-07-22,south,widget,92.0,21.37,1,59.2
2023-07-22,south,gadget,82.53,25.37,0,72.9
2023-07-22,west,widget,76.79,27.37,0,83.9
2023-07-23,north,widget,52.32,19.41,0,64.8
2023-07-23,north,gadget,53.72,21.41,0,55.4
2023-07-23,south,widget,81.4,21.41,1,59.4
2023-07-23,south,gadget,64.1,25.41,0,73.1
2023-07-23,west,widget,71.84,27.41,0,84.0
2023-07-24,north,widget,50.42,19.46,0,64.6
2023-07-24,north,gadget,51.31,21.46,0,55.3
2023-07-24,south,widget,58.39,23.46,0,59.5
2023-07-24,south,gadget,63.84,25.46,0,73.4
2023-07-24,west,widget,73.55,27.46,0,84.1
2023-07-25,north,widget,46.57,19.51,0,64.3
2023-07-25,north,gadget,55.92,21.51,0,55.3
2023-07-25,south,widget,57.35,23.51,0,59.7
2023-07-25,south,gadget,61.2,25.51,0,73.6
2023-07-25,west,widget,66.2,27.51,0,84.2
2023-07-26,north,widget,55.81,19.57,0,64.1
2023-07-26,north,gadget,55.71,21.57,0,55.2
2023-07-26,south,widget,56.58,23.57,0,59.9
2023-07-26,south,gadget,63.1,25.57,0,73.9
2023-07-26,west,widget,64.15,27.57,0,84.3
2023-07-27,north,widget,53.21,19.62,0,63.9
2023-07-27,north,gadget,51.41,21.62,0,55.2
2023-07-27,south,widget,63.01,23.62,0,60.1
2023-07-27,south,gadget,67.94,25.62,0,74.1
2023-07-27,west,widget,67.03,27.62,0,84.4
2023-07-28,north,widget,57.44,19.67,0,63.6
2023-07-28,north,gadget,83.09,19.67,1,55.1
2023-07-28,south,widget,65.98,23.67,0,60.3
2023-07-28,south,gadget,64.94,25.67,0,74.4
2023-07-28,west,widget,79.21,27.67,0,84.4
2023-07-29,north,widget,53.76,19.73,0,63.4
2023-07-29,north,gadget,80.03,19.73,1,55.1
2023-07-29,south,widget,67.34,23.73,0,60.5
2023-07-29,south,gadget,71.67,25.73,0,74.6
2023-07-29,west,widget,75.09,27.73,0,84.5
2023-07-30,north,widget,48.1,19.79,0,63.2
2023-07-30,north,gadget,82.42,19.79,1,55.1
2023-07-30,south,widget,59.47,23.79,0,60.7
2023-07-30,south,gadget,64.85,25.79,0,74.9
2023-07-30,west,widget,67.92,27.79,0,84.6
2023-07-31,north,widget,45.68,19.85,0,62.9
2023-07-31,north,gadget,52.71,21.85,0,55.0
2023-07-31,south,widget,57.79,23.85,0,60.9
2023-07-31,south,gadget,64.31,25.85,0,75.1
2023-07-31,west,widget,68.46,27.85,0,84.6
2023-08-01,north,widget,51.19,19.9,0,62.7
2023-08-01,north,gadget,50.06,21.9,0,55.0
2023-08-01,south,widget,55.85,23.9,0,61.1
2023-08-01,south,gadget,65.18,25.9,0,75.4
2023-08-01,west,widget,66.38,27.9,0,84.7
2023-08-02,north,widget,45.28,19.96,0,62.5
2023-08-02,north,gadget,51.01,21.96,0,55.0
2023-08-02,south,widget,55.99,23.96,0,61.3
2023-08-02,south,gadget,63.47,25.96,0,75.6
2023-08-02,west,widget,66.16,27.96,0,84.7
2023-08-03,north,widget,43.35,20.02,0,62.3
2023-08-03,north,gadget,55.13,22.02,0,55.0
2023-08-03,south,widget,60.3,24.02,0,61.5
2023-08-03,south,gadget,65.15,26.02,0,75.9
2023-08-03,west,widget,61.6,28.02,0,84.8
2023-08-04,north,widget,79.68,18.08,1,62.0
2023-08-04,north,gadget,58.96,22.08,0,55.0
2023-08-04,south,widget,64.05,24.08,0,61.8
2023-08-04,south,gadget,67.88,26.08,0,76.1
2023-08-04,west,widget,74.78,28.08,0,84.8
2023-08-05,north,widget,76.64,18.14,1,61.8
2023-08-05,north,gadget,60.43,22.14,0,55.0
2023-08-05,south,widget,63.25,24.14,0,62.0
2023-08-05,south,gadget,69.15,26.14,0,76.3
2023-08-05,west,widget,70.73,28.14,0,84.9
2023-08-06,north,widget,68.84,18.2,1,61.6
2023-08-06,north,gadget,52.95,22.2,0,55.0
2023-08-06,south,widget,59.96,24.2,0,62.2
2023-08-06,south,gadget,65.95,26.2,0,76.6
2023-08-06,west,widget,70.03,28.2,0,84.9
2023-08-07,north,widget,44.69,20.25,0,61.4
2023-08-07,north,gadget,48.93,22.25,0,55.0
2023-08-07,south,widget,50.06,24.25,0,62.4
2023-08-07,south,gadget,65.14,26.25,0,76.8
2023-08-07,west,widget,67.38,28.25,0,84.9
2023-08-08,north,widget,42.76,20.31,0,61.2
2023-08-08,north,gadget,48.69,22.31,0,55.0
2023-08-08,south,widget,54.67,24.31,0,62.6
2023-08-08,south,gadget,60.29,26.31,0,77.0
2023-08-08,west,widget,61.27,28.31,0,84.9
2023-08-09,north,widget,50.29,20.37,0,61.0
2023-08-09,north,gadget,45.17,22.37,0,55.0
2023-08-09,south,widget,56.3,24.37,0,62.9
2023-08-09,south,gadget,63.89,26.37,0,77.2
2023-08-09,west,widget,65.73,28.37,0,85.0
2023-08-10,north,widget,46.8,20.42,0,60.8
2023-08-10,north,gadget,53.37,22.42,0,55.1
2023-08-10,south,widget,52.34,24.42,0,63.1
2023-08-10,south,gadget,61.28,26.42,0,77.5
2023-08-10,west,widget,59.69,28.42,0,85.0
2023-08-11,north,widget,51.25,20.47,0,60.6
2023-08-11,north,gadget,60.09,22.47,0,55.1
2023-08-11,south,widget,60.94,24.47,0,63.3
2023-08-11,south,gadget,66.91,26.47,0,77.7
2023-08-11,west,widget,73.19,28.47,0,85.0
2023-08-12,north,widget,53.54,20.52,0,60.4
2023-08-12,north,gadget,59.2,22.52,0,55.1
2023-08-12,south,widget,58.0,24.52,0,63.6
2023-08-12,south,gadget,66.26,26.52,0,77.9
2023-08-12,west,widget,73.17,28.52,0,85.0
2023-08-13,north,widget,46.85,20.57,0,60.2
2023-08-13,north,gadget,52.56,22.57,0,55.2
2023-08-13,south,widget,60.81,24.57,0,63.8
2023-08-13,south,gadget,58.92,26.57,0,78.1
2023-08-13,west,widget,58.79,28.57,0,85.0
2023-08-14,north,widget,47.14,20.62,0,60.0
2023-08-14,north,gadget,53.13,22.62,0,55.2
2023-08-14,south,widget,51.57,24.62,0,64.0
2023-08-14,south,gadget,58.45,26.62,0,78.3
2023-08-14,west,widget,68.21,28.62,0,85.0
2023-08-15,north,widget,43.03,20.67,0,59.8
2023-08-15,north,gadget,49.73,22.67,0,55.2
2023-08-15,south,widget,50.06,24.67,0,64.3
2023-08-15,south,gadget,64.65,26.67,0,78.6
2023-08-15,west,widget,65.85,28.67,0,85.0
2023-08-16,north,widget,46.7,20.71,0,59.6
2023-08-16,north,gadget,46.76,22.71,0,55.3
2023-08-16,south,widget,52.21,24.71,0,64.5
2023-08-16,south,gadget,58.6,26.71,0,78.8
2023-08-16,west,widget,63.64,28.71,0,85.0
2023-08-17,north,widget,48.19,20.75,0,59.4
2023-08-17,north,gadget,42.15,22.75,0,55.3
2023-08-17,south,widget,51.46,24.75,0,64.7
2023-08-17,south,gadget,54.65,26.75,0,79.0
2023-08-17,west,widget,63.32,28.75,0,85.0
2023-08-18,north,widget,49.07,20.79,0,59.2
2023-08-18,north,gadget,58.51,22.79,0,55.4
2023-08-18,south,widget,61.95,24.79,0,65.0
2023-08-18,south,gadget,70.1,26.79,0,79.2
2023-08-18,west,widget,67.82,28.79,0,84.9
2023-08-19,north,widget,48.21,20.82,0,59.1
2023-08-19,north,gadget,59.61,22.82,0,55.5
2023-08-19,south,widget,61.49,24.82,0,65.2
2023-08-19,south,gadget,62.87,26.82,0,79.4
2023-08-19,west,widget,96.76,26.82,1,84.9
2023-08-20,north,widget,42.56,20.85,0,58.9
2023-08-20,north,gadget,43.04,22.85,0,55.5
2023-08-20,south,widget,51.09,24.85,0,65.5
2023-08-20,south,gadget,59.73,26.85,0,79.6
2023-08-20,west,widget,92.11,26.85,1,84.9
2023-08-21,north,widget,44.2,20.88,0,58.7
2023-08-21,north,gadget,45.61,22.88,0,55.6
2023-08-21,south,widget,50.17,24.88,0,65.7
2023-08-21,south,gadget,54.16,26.88,0,79.8
2023-08-21,west,widget,94.75,26.88,1,84.9
2023-08-22,north,widget,51.31,20.91,0,58.5
2023-08-22,north,gadget,45.08,22.91,0,55.7
2023-08-22,south,widget,54.04,24.91,0,66.0
2023-08-22,south,gadget,61.24,26.91,0,80.0
2023-08-22,west,widget,61.54,28.91,0,84.8
2023-08-23,north,widget,36.79,20.93,0,58.4
2023-08-23,north,gadget,47.64,22.93,0,55.7
2023-08-23,south,widget,50.99,24.93,0,66.2
2023-08-23,south,gadget,55.49,26.93,0,80.2
2023-08-23,west,widget,66.77,28.93,0,84.8
2023-08-24,north,widget,42.41,20.95,0,58.2
2023-08-24,north,gadget,45.32,22.95,0,55.8
2023-08-24,south,widget,49.27,24.95,0,66.5
2023-08-24,south,gadget,61.4,26.95,0,80.4
2023-08-24,west,widget,63.93,28.95,0,84.7
2023-08-25,north,widget,50.32,20.97,0,58.1
2023-08-25,north,gadget,52.35,22.97,0,55.9
2023-08-25,south,widget,61.34,24.97,0,66.7
2023-08-25,south,gadget,68.65,26.97,0,80.5
2023-08-25,west,widget,69.25,28.97,0,84.7
2023-08-26,north,widget,46.22,20.98,0,57.9
2023-08-26,north,gadget,50.86,22.98,0,56.0
2023-08-26,south,widget,61.27,24.98,0,67.0
2023-08-26,south,gadget,94.21,24.98,1,80.7
2023-08-26,west,widget,74.09,28.98,0,84.6
2023-08-27,north,widget,43.55,20.99,0,57.8
2023-08-27,north,gadget,44.2,22.99,0,56.1
2023-08-27,south,widget,48.42,24.99,0,67.2
2023-08-27,south,gadget,84.34,24.99,1,80.9
2023-08-27,west,widget,62.35,28.99,0,84.6
2023-08-28,north,widget,42.42,21.0,0,57.6
2023-08-28,north,gadget,43.26,23.0,0,56.2
2023-08-28,south,widget,53.69,25.0,0,67.5
2023-08-28,south,gadget,83.94,25.0,1,81.1
2023-08-28,west,widget,62.2,29.0,0,84.5
2023-08-29,north,widget,46.25,21.0,0,57.5
2023-08-29,north,gadget,41.92,23.0,0,56.3
2023-08-29,south,widget,47.18,25.0,0,67.7
2023-08-29,south,gadget,57.0,27.0,0,81.3
2023-08-29,west,widget,62.25,29.0,0,84.4
2023-08-30,north,widget,41.66,21.0,0,57.3
2023-08-30,north,gadget,42.39,23.0,0,56.4
2023-08-30,south,widget,57.65,25.0,0,68.0
2023-08-30,south,gadget,53.25,27.0,0,81.4
2023-08-30,west,widget,63.25,29.0,0,84.4
2023-08-31,north,widget,36.35,21.0,0,57.2
2023-08-31,north,gadget,46.35,23.0,0,56.5
2023-08-31,south,widget,51.8,25.0,0,68.2
2023-08-31,south,gadget,61.79,27.0,0,81.6
2023-08-31,west,widget,59.31,29.0,0,84.3
2023-09-01,north,widget,47.41,20.99,0,57.1
2023-09-01,north,gadget,52.91,22.99,0,56.6
2023-09-01,south,widget,60.28,24.99,0,68.5
2023-09-01,south,gadget,66.17,26.99,0,81.7
2023-09-01,west,widget,65.31,28.99,0,84.2
2023-09-02,north,widget,45.93,20.98,0,56.9
2023-09-02,north,gadget,57.34,22.98,0,56.8
2023-09-02,south,widget,81.85,22.98,1,68.8
2023-09-02,south,gadget,61.28,26.98,0,81.9
2023-09-02,west,widget,71.09,28.98,0,84.1
2023-09-03,north,widget,41.0,20.96,0,56.8
2023-09-03,north,gadget,48.42,22.96,0,56.9
2023-09-03,south,widget,69.36,22.96,1,69.0
2023-09-03,south,gadget,59.95,26.96,0,82.1
2023-09-03,west,widget,60.23,28.96,0,84.0
2023-09-04,north,widget,36.62,20.94,0,56.7
2023-09-04,north,gadget,44.3,22.94,0,57.0
2023-09-04,south,widget,76.0,22.94,1,69.3
2023-09-04,south,gadget,58.32,26.94,0,82.2
2023-09-04,west,widget,60.04,28.94,0,83.9
2023-09-05,north,widget,40.71,20.92,0,56.6
2023-09-05,north,gadget,52.76,22.92,0,57.1
2023-09-05,south,widget,47.34,24.92,0,69.5
2023-09-05,south,gadget,55.51,26.92,0,82.4
2023-09-05,west,widget,61.14,28.92,0,83.8
2023-09-06,north,widget,35.26,20.9,0,56.4
2023-09-06,north,gadget,38.6,22.9,0,57.3
2023-09-06,south,widget,49.54,24.9,0,69.8
2023-09-06,south,gadget,53.71,26.9,0,82.5
2023-09-06,west,widget,63.38,28.9,0,83.7
2023-09-07,north,widget,39.36,20.87,0,56.3
2023-09-07,north,gadget,48.44,22.87,0,57.4
2023-09-07,south,widget,56.18,24.87,0,70.0
2023-09-07,south,gadget,62.01,26.87,0,82.6
2023-09-07,west,widget,61.66,28.87,0,83.6
2023-09-08,north,widget,50.51,20.84,0,56.2
2023-09-08,north,gadget,50.61,22.84,0,57.5
2023-09-08,south,widget,61.4,24.84,0,70.3
2023-09-08,south,gadget,66.01,26.84,0,82.8
2023-09-08,west,widget,75.41,28.84,0,83.5
2023-09-09,north,widget,49.25,20.81,0,56.1
2023-09-09,north,gadget,79.97,20.81,1,57.7
2023-09-09,south,widget,63.79,24.81,0,70.6
2023-09-09,south,gadget,63.92,26.81,0,82.9
2023-09-09,west,widget,64.21,28.81,0,83.4
2023-09-10,north,widget,41.8,20.77,0,56.0
2023-09-10,north,gadget,67.97,20.77,1,57.8
2023-09-10,south,widget,54.52,24.77,0,70.8
2023-09-10,south,gadget,57.85,26.77,0,83.0
2023-09-10,west,widget,65.69,28.77,0,83.3
2023-09-11,north,widget,37.39,20.73,0,55.9
2023-09-11,north,gadget,70.32,20.73,1,58.0
2023-09-11,south,widget,55.21,24.73,0,71.1
2023-09-11,south,gadget,60.95,26.73,0,83.2
2023-09-11,west,widget,61.6,28.73,0,83.2
2023-09-12,north,widget,35.37,20.69,0,55.9
2023-09-12,north,gadget,48.89,22.69,0,58.2
2023-09-12,south,widget,53.57,24.69,0,71.3
2023-09-12,south,gadget,52.61,26.69,0,83.3
2023-09-12,west,widget,64.96,28.69,0,83.0
2023-09-13,north,widget,41.19,20.65,0,55.8
2023-09-13,north,gadget,46.89,22.65,0,58.3
2023-09-13,south,widget,52.76,24.65,0,71.6
2023-09-13,south,gadget,53.94,26.65,0,83.4
2023-09-13,west,widget,60.42,28.65,0,82.9
2023-09-14,north,widget,41.57,20.6,0,55.7
2023-09-14,north,gadget,49.32,22.6,0,58.5
2023-09-14,south,widget,49.95,24.6,0,71.9
2023-09-14,south,gadget,60.33,26.6,0,83.5
2023-09-14,west,widget,64.61,28.6,0,82.8
2023-09-15,north,widget,51.62,20.56,0,55.6
2023-09-15,north,gadget,51.79,22.56,0,58.6
2023-09-15,south,widget,58.41,24.56,0,72.1
2023-09-15,south,gadget,71.54,26.56,0,83.6
2023-09-15,west,widget,69.72,28.56,0,82.6
2023-09-16,north,widget,76.16,18.51,1,55.5
2023-09-16,north,gadget,53.63,22.51,0,58.8
2023-09-16,south,widget,62.74,24.51,0,72.4
2023-09-16,south,gadget,64.05,26.51,0,83.7
2023-09-16,west,widget,72.87,28.51,0,82.5
2023-09-17,north,widget,63.41,18.46,1,55.5
2023-09-17,north,gadget,47.23,22.46,0,59.0
2023-09-17,south,widget,48.23,24.46,0,72.6
2023-09-17,south,gadget,52.33,26.46,0,83.8
2023-09-17,west,widget,64.29,28.46,0,82.3
2023-09-18,north,widget,70.38,18.4,1,55.4
2023-09-18,north,gadget,42.67,22.4,0,59.2
2023-09-18,south,widget,49.31,24.4,0,72.9
2023-09-18,south,gadget,59.46,26.4,0,83.9
2023-09-18,west,widget,56.94,28.4,0,82.2
2023-09-19,north,widget,39.13,20.35,0,55.4
2023-09-19,north,gadget,48.6,22.35,0,59.3
2023-09-19,south,widget,52.24,24.35,0,73.1
2023-09-19,south,gadget,53.33,26.35,0,84.0
2023-09-19,west,widget,64.02,28.35,0,82.0
2023-09-20,north,widget,39.31,20.29,0,55.3
2023-09-20,north,gadget,48.97,22.29,0,59.5
2023-09-20,south,widget,46.73,24.29,0,73.4
2023-09-20,south,gadget,55.06,26.29,0,84.1
2023-09-20,west,widget,66.88,28.29,0,81.9
2023-09-21,north,widget,37.79,20.24,0,55.3
2023-09-21,north,gadget,48.63,22.24,0,59.7
2023-09-21,south,widget,55.85,24.24,0,73.6
2023-09-21,south,gadget,54.39,26.24,0,84.2
2023-09-21,west,widget,61.87,28.24,0,81.7
2023-09-22,north,widget,45.84,20.18,0,55.2
2023-09-22,north,gadget,53.72,22.18,0,59.9
2023-09-22,south,widget,59.73,24.18,0,73.9
2023-09-22,south,gadget,70.17,26.18,0,84.3
2023-09-22,west,widget,69.49,28.18,0,81.6
2023-09-23,north,widget,50.5,20.12,0,55.2
2023-09-23,north,gadget,50.26,22.12,0,60.1
2023-09-23,south,widget,62.51,24.12,0,74.1
2023-09-23,south,gadget,65.55,26.12,0,84.4
2023-09-23,west,widget,69.36,28.12,0,81.4
2023-09-24,north,widget,39.05,20.06,0,55.1
2023-09-24,north,gadget,50.51,22.06,0,60.3
2023-09-24,south,widget,57.76,24.06,0,74.4
2023-09-24,south,gadget,60.84,26.06,0,84.4
2023-09-24,west,widget,61.95,28.06,0,81.2
2023-09-25,north,widget,39.77,20.0,0,55.1
2023-09-25,north,gadget,48.15,22.0,0,60.5
2023-09-25,south,widget,57.56,24.0,0,74.6
2023-09-25,south,gadget,63.16,26.0,0,84.5
2023-09-25,west,widget,59.32,28.0,0,81.1
2023-09-26,north,widget,37.85,19.94,0,55.1
2023-09-26,north,gadget,45.92,21.94,0,60.7
2023-09-26,south,widget,54.47,23.94,0,74.9
2023-09-26,south,gadget,61.02,25.94,0,84.6
2023-09-26,west,widget,58.65,27.94,0,80.9
2023-09-27,north,widget,38.79,19.88,0,55.1
2023-09-27,north,gadget,48.72,21.88,0,60.9
2023-09-27,south,widget,49.44,23.88,0,75.1
2023-09-27,south,gadget,66.1,25.88,0,84.6
2023-09-27,west,widget,61.61,27.88,0,80.7
2023-09-28,north,widget,38.86,19.83,0,55.0
2023-09-28,north,gadget,41.88,21.83,0,61.1
2023-09-28,south,widget,51.7,23.83,0,75.3
2023-09-28,south,gadget,52.2,25.83,0,84.7
2023-09-28,west,widget,56.78,27.83,0,80.5
2023-09-29,north,widget,55.31,19.77,0,55.0
2023-09-29,north,gadget,54.6,21.77,0,61.3
2023-09-29,south,widget,63.63,23.77,0,75.6
2023-09-29,south,gadget,65.5,25.77,0,84.7
2023-09-29,west,widget,73.94,27.77,0,80.3
2023-09-30,north,widget,46.7,19.71,0,55.0
2023-09-30,north,gadget,53.36,21.71,0,61.5
2023-09-30,south,widget,55.91,23.71,0,75.8
2023-09-30,south,gadget,61.54,25.71,0,84.8
2023-09-30,west,widget,64.7,27.71,0,80.1
2023-10-01,north,widget,36.57,19.66,0,55.0
2023-10-01,north,gadget,46.97,21.66,0,61.7
2023-10-01,south,widget,53.43,23.66,0,76.1
2023-10-01,south,gadget,62.28,25.66,0,84.8
2023-10-01,west,widget,83.17,25.66,1,80.0
2023-10-02,north,widget,42.04,19.6,0,55.0
2023-10-02,north,gadget,47.51,21.6,0,61.9
2023-10-02,south,widget,49.21,23.6,0,76.3
2023-10-02,south,gadget,57.9,25.6,0,84.9
2023-10-02,west,widget,82.67,25.6,1,79.8
2023-10-03,north,widget,47.08,19.55,0,55.0
2023-10-03,north,gadget,48.72,21.55,0,62.2
2023-10-03,south,widget,53.77,23.55,0,76.5
2023-10-03,south,gadget,58.84,25.55,0,84.9
2023-10-03,west,widget,87.89,25.55,1,79.6
2023-10-04,north,widget,43.01,19.5,0,55.0
2023-10-04,north,gadget,49.09,21.5,0,62.4
2023-10-04,south,widget,54.66,23.5,0,76.8
2023-10-04,south,gadget,60.58,25.5,0,84.9
2023-10-04,west,widget,59.64,27.5,0,79.4
2023-10-05,north,widget,46.12,19.45,0,55.0
2023-10-05,north,gadget,46.0,21.45,0,62.6
2023-10-05,south,widget,50.42,23.45,0,77.0
2023-10-05,south,gadget,59.39,25.45,0,84.9
2023-10-05,west,widget,67.02,27.45,0,79.2
2023-10-06,north,widget,49.66,19.4,0,55.0
2023-10-06,north,gadget,52.7,21.4,0,62.8
2023-10-06,south,widget,59.49,23.4,0,77.2
2023-10-06,south,gadget,72.2,25.4,0,85.0
2023-10-06,west,widget,70.13,27.4,0,78.9
2023-10-07,north,widget,49.77,19.35,0,55.1
2023-10-07,north,gadget,57.46,21.35,0,63.1
2023-10-07,south,widget,59.4,23.35,0,77.4
2023-10-07,south,gadget,68.28,25.35,0,85.0
2023-10-07,west,widget,69.64,27.35,0,78.7
2023-10-08,north,widget,36.47,19.31,0,55.1
2023-10-08,north,gadget,48.23,21.31,0,63.3
2023-10-08,south,widget,52.68,23.31,0,77.7
2023-10-08,south,gadget,76.36,23.31,1,85.0
2023-10-08,west,widget,52.4,27.31,0,78.5
2023-10-09,north,widget,38.22,19.27,0,55.1
2023-10-09,north,gadget,51.0,21.27,0,63.5
2023-10-09,south,widget,50.73,23.27,0,77.9
2023-10-09,south,gadget,87.95,23.27,1,85.0
2023-10-09,west,widget,59.13,27.27,0,78.3
2023-10-10,north,widget,36.81,19.23,0,55.2
2023-10-10,north,gadget,50.1,21.23,0,63.8
2023-10-10,south,widget,55.74,23.23,0,78.1
2023-10-10,south,gadget,86.71,23.23,1,85.0
2023-10-10,west,widget,61.53,27.23,0,78.1
2023-10-11,north,widget,39.51,19.19,0,55.2
2023-10-11,north,gadget,44.23,21.19,0,64.0
2023-10-11,south,widget,52.88,23.19,0,78.3
2023-10-11,south,gadget,59.48,25.19,0,85.0
2023-10-11,west,widget,58.54,27.19,0,77.9
2023-10-12,north,widget,41.11,19.16,0,55.2
2023-10-12,north,gadget,50.69,21.16,0,64.2
2023-10-12,south,widget,53.77,23.16,0,78.5
2023-10-12,south,gadget,59.67,25.16,0,85.0
2023-10-12,west,widget,55.06,27.16,0,77.7
2023-10-13,north,widget,50.92,19.13,0,55.3
2023-10-13,north,gadget,49.89,21.13,0,64.5
2023-10-13,south,widget,53.52,23.13,0,78.8
2023-10-13,south,gadget,64.6,25.13,0,85.0
2023-10-13,west,widget,75.11,27.13,0,77.4
2023-10-14,north,widget,49.61,19.1,0,55.3
2023-10-14,north,gadget,54.35,21.1,0,64.7
2023-10-14,south,widget,58.77,23.1,0,79.0
2023-10-14,south,gadget,70.44,25.1,0,85.0
2023-10-14,west,widget,66.85,27.1,0,77.2
2023-10-15,north,widget,39.07,19.08,0,55.4
2023-10-15,north,gadget,49.18,21.08,0,65.0
2023-10-15,south,widget,79.19,21.08,1,79.2
2023-10-15,south,gadget,63.28,25.08,0,84.9
2023-10-15,west,widget,64.15,27.08,0,77.0
2023-10-16,north,widget,38.4,19.06,0,55.4
2023-10-16,north,gadget,46.23,21.06,0,65.2
2023-10-16,south,widget,82.12,21.06,1,79.4
2023-10-16,south,gadget,61.38,25.06,0,84.9
2023-10-16,west,widget,55.92,27.06,0,76.8
2023-10-17,north,widget,42.68,19.04,0,55.5
2023-10-17,north,gadget,49.32,21.04,0,65.4
2023-10-17,south,widget,82.83,21.04,1,79.6
2023-10-17,south,gadget,55.82,25.04,0,84.9
2023-10-17,west,widget,64.64,27.04,0,76.5
2023-10-18,north,widget,47.11,19.02,0,55.6
2023-10-18,north,gadget,44.17,21.02,0,65.7
2023-10-18,south,widget,48.78,23.02,0,79.8
2023-10-18,south,gadget,58.67,25.02,0,84.9
2023-10-18,west,widget,64.07,27.02,0,76.3
2023-10-19,north,widget,37.52,19.01,0,55.7
2023-10-19,north,gadget,42.98,21.01,0,65.9
2023-10-19,south,widget,54.24,23.01,0,80.0
2023-10-19,south,gadget,62.31,25.01,0,84.8
2023-10-19,west,widget,59.05,27.01,0,76.1
2023-10-20,north,widget,51.28,19.01,0,55.7
2023-10-20,north,gadget,58.69,21.01,0,66.2
2023-10-20,south,widget,59.51,23.01,0,80.2
2023-10-20,south,gadget,67.53,25.01,0,84.8
2023-10-20,west,widget,72.74,27.01,0,75.8
2023-10-21,north,widget,50.06,19.0,0,55.8
2023-10-21,north,gadget,56.25,21.0,0,66.4
2023-10-21,south,widget,63.0,23.0,0,80.3
2023-10-21,south,gadget,69.47,25.0,0,84.7
2023-10-21,west,widget,70.96,27.0,0,75.6
2023-10-22,north,widget,46.4,19.0,0,55.9
2023-10-22,north,gadget,73.87,19.0,1,66.7
2023-10-22,south,widget,56.05,23.0,0,80.5
2023-10-22,south,gadget,54.68,25.0,0,84.7
2023-10-22,west,widget,60.74,27.0,0,75.3
2023-10-23,north,widget,46.93,19.0,0,56.0
2023-10-23,north,gadget,74.8,19.0,1,66.9
2023-10-23,south,widget,50.19,23.0,0,80.7
2023-10-23,south,gadget,56.22,25.0,0,84.6
2023-10-23,west,widget,67.91,27.0,0,75.1
2023-10-24,north,widget,41.17,19.01,0,56.1
2023-10-24,north,gadget,73.92,19.01,1,67.2
2023-10-24,south,widget,51.26,23.01,0,80.9
2023-10-24,south,gadget,60.55,25.01,0,84.6
2023-10-24,west,widget,67.29,27.01,0,74.9
2023-10-25,north,widget,47.42,19.02,0,56.2
2023-10-25,north,gadget,53.25,21.02,0,67.5
2023-10-25,south,widget,55.72,23.02,0,81.1
2023-10-25,south,gadget,61.62,25.02,0,84.5
2023-10-25,west,widget,60.56,27.02,0,74.6
2023-10-26,north,widget,42.82,19.03,0,56.3
2023-10-26,north,gadget,54.73,21.03,0,67.7
2023-10-26,south,widget,55.19,23.03,0,81.2
2023-10-26,south,gadget,62.79,25.03,0,84.4
2023-10-26,west,widget,68.71,27.03,0,74.4
2023-10-27,north,widget,53.41,19.05,0,56.4
2023-10-27,north,gadget,59.1,21.05,0,68.0
2023-10-27,south,widget,66.77,23.05,0,81.4
2023-10-27,south,gadget,67.17,25.05,0,84.4
2023-10-27,west,widget,74.82,27.05,0,74.1
2023-10-28,north,widget,51.08,19.07,0,56.5
2023-10-28,north,gadget,56.4,21.07,0,68.2
2023-10-28,south,widget,62.04,23.07,0,81.6
2023-10-28,south,gadget,70.59,25.07,0,84.3
2023-10-28,west,widget,71.77,27.07,0,73.9
2023-10-29,north,widget,71.71,17.09,1,56.6
2023-10-29,north,gadget,49.18,21.09,0,68.5
2023-10-29,south,widget,59.34,23.09,0,81.7
2023-10-29,south,gadget,66.17,25.09,0,84.2
2023-10-29,west,widget,63.3,27.09,0,73.6
2023-10-30,north,widget,68.7,17.12,1,56.7
2023-10-30,north,gadget,49.02,21.12,0,68.7
2023-10-30,south,widget,56.95,23.12,0,81.9
2023-10-30,south,gadget,62.89,25.12,0,84.1
2023-10-30,west,widget,60.31,27.12,0,73.4
2023-10-31,north,widget,63.88,17.14,1,56.9
2023-10-31,north,gadget,58.18,21.14,0,69.0
2023-10-31,south,widget,59.9,23.14,0,82.0
2023-10-31,south,gadget,64.42,25.14,0,84.0
2023-10-31,west,widget,56.89,27.14,0,73.1
2023-11-01,north,widget,42.67,19.18,0,57.0
2023-11-01,north,gadget,42.11,21.18,0,69.2
2023-11-01,south,widget,53.88,23.18,0,82.2
2023-11-01,south,gadget,58.78,25.18,0,83.9
2023-11-01,west,widget,61.37,27.18,0,72.9
2023-11-02,north,widget,45.65,19.21,0,57.1
2023-11-02,north,gadget,47.97,21.21,0,69.5
2023-11-02,south,widget,56.57,23.21,0,82.3
2023-11-02,south,gadget,61.84,25.21,0,83.8
2023-11-02,west,widget,62.54,27.21,0,72.6
2023-11-03,north,widget,48.36,19.25,0,57.3
2023-11-03,north,gadget,49.69,21.25,0,69.8
2023-11-03,south,widget,61.94,23.25,0,82.5
2023-11-03,south,gadget,65.26,25.25,0,83.7
2023-11-03,west,widget,70.65,27.25,0,72.3
2023-11-04,north,widget,51.63,19.29,0,57.4
2023-11-04,north,gadget,61.16,21.29,0,70.0
2023-11-04,south,widget,60.93,23.29,0,82.6
2023-11-04,south,gadget,73.98,25.29,0,83.6
2023-11-04,west,widget,68.87,27.29,0,72.1
2023-11-05,north,widget,43.95,19.33,0,57.5
2023-11-05,north,gadget,53.46,21.33,0,70.3
2023-11-05,south,widget,50.25,23.33,0,82.8
2023-11-05,south,gadget,55.61,25.33,0,83.5
2023-11-05,west,widget,66.0,27.33,0,71.8
2023-11-06,north,widget,46.94,19.38,0,57.7
2023-11-06,north,gadget,46.27,21.38,0,70.5
2023-11-06,south,widget,51.5,23.38,0,82.9
2023-11-06,south,gadget,56.99,25.38,0,83.4
2023-11-06,west,widget,62.11,27.38,0,71.6
2023-11-07,north,widget,45.46,19.42,0,57.8
2023-11-07,north,gadget,49.79,21.42,0,70.8
2023-11-07,south,widget,58.95,23.42,0,83.0
2023-11-07,south,gadget,61.85,25.42,0,83.3
2023-11-07,west,widget,66.47,27.42,0,71.3
2023-11-08,north,widget,38.69,19.47,0,58.0
2023-11-08,north,gadget,51.25,21.47,0,71.1
2023-11-08,south,widget,51.9,23.47,0,83.2
2023-11-08,south,gadget,58.44,25.47,0,83.2
2023-11-08,west,widget,64.31,27.47,0,71.1
2023-11-09,north,widget,45.33,19.52,0,58.1
2023-11-09,north,gadget,51.18,21.52,0,71.3
2023-11-09,south,widget,61.3,23.52,0,83.3
2023-11-09,south,gadget,61.18,25.52,0,83.0
2023-11-09,west,widget,63.33,27.52,0,70.8
2023-11-10,north,widget,56.24,19.58,0,58.3
2023-11-10,north,gadget,57.6,21.58,0,71.6
2023-11-10,south,widget,61.08,23.58,0,83.4
2023-11-10,south,gadget,65.76,25.58,0,82.9
2023-11-10,west,widget,70.82,27.58,0,70.6
2023-11-11,north,widget,49.6,19.63,0,58.5
2023-11-11,north,gadget,67.76,21.63,0,71.8
2023-11-11,south,widget,64.62,23.63,0,83.5
2023-11-11,south,gadget,65.84,25.63,0,82.8
2023-11-11,west,widget,68.63,27.63,0,70.3
2023-11-12,north,widget,46.0,19.69,0,58.6
2023-11-12,north,gadget,46.69,21.69,0,72.1
2023-11-12,south,widget,54.27,23.69,0,83.6
2023-11-12,south,gadget,62.36,25.69,0,82.6
2023-11-12,west,widget,64.96,27.69,0,70.0
2023-11-13,north,widget,48.92,19.74,0,58.8
2023-11-13,north,gadget,51.63,21.74,0,72.3
2023-11-13,south,widget,57.9,23.74,0,83.7
2023-11-13,south,gadget,59.6,25.74,0,82.5
2023-11-13,west,widget,85.74,25.74,1,69.8
2023-11-14,north,widget,46.2,19.8,0,59.0
2023-11-14,north,gadget,54.83,21.8,0,72.6
2023-11-14,south,widget,55.27,23.8,0,83.8
2023-11-14,south,gadget,62.55,25.8,0,82.4
2023-11-14,west,widget,88.35,25.8,1,69.5
2023-11-15,north,widget,45.37,19.86,0,59.1
2023-11-15,north,gadget,48.47,21.86,0,72.8
2023-11-15,south,widget,56.34,23.86,0,83.9
2023-11-15,south,gadget,60.61,25.86,0,82.2
2023-11-15,west,widget,93.81,25.86,1,69.3
2023-11-16,north,widget,43.81,19.92,0,59.3
2023-11-16,north,gadget,46.97,21.92,0,73.1
2023-11-16,south,widget,61.92,23.92,0,84.0
2023-11-16,south,gadget,64.0,25.92,0,82.1
2023-11-16,west,widget,67.54,27.92,0,69.0
2023-11-17,north,widget,52.67,19.97,0,59.5
2023-11-17,north,gadget,60.28,21.97,0,73.4
2023-11-17,south,widget,66.3,23.97,0,84.1
2023-11-17,south,gadget,71.32,25.97,0,81.9
2023-11-17,west,widget,64.39,27.97,0,68.7
2023-11-18,north,widget,53.98,20.03,0,59.7
2023-11-18,north,gadget,60.3,22.03,0,73.6
2023-11-18,south,widget,66.12,24.03,0,84.2
2023-11-18,south,gadget,69.06,26.03,0,81.7
2023-11-18,west,widget,69.83,28.03,0,68.5
2023-11-19,north,widget,41.47,20.09,0,59.9
2023-11-19,north,gadget,49.48,22.09,0,73.9
2023-11-19,south,widget,56.16,24.09,0,84.3
2023-11-19,south,gadget,64.2,26.09,0,81.6
2023-11-19,west,widget,64.47,28.09,0,68.2
2023-11-20,north,widget,41.07,20.15,0,60.1
2023-11-20,north,gadget,48.3,22.15,0,74.1
2023-11-20,south,widget,61.12,24.15,0,84.4
2023-11-20,south,gadget,81.39,24.15,1,81.4
2023-11-20,west,widget,63.04,28.15,0,68.0
2023-11-21,north,widget,47.46,20.21,0,60.3
2023-11-21,north,gadget,49.09,22.21,0,74.3
2023-11-21,south,widget,54.34,24.21,0,84.4
2023-11-21,south,gadget,83.9,24.21,1,81.2
2023-11-21,west,widget,59.63,28.21,0,67.7
2023-11-22,north,widget,41.0,20.26,0,60.5
2023-11-22,north,gadget,50.77,22.26,0,74.6
2023-11-22,south,widget,58.79,24.26,0,84.5
2023-11-22,south,gadget,86.29,24.26,1,81.1
2023-11-22,west,widget,57.27,28.26,0,67.5
2023-11-23,north,widget,47.47,20.32,0,60.7
2023-11-23,north,gadget,49.65,22.32,0,74.8
2023-11-23,south,widget,58.25,24.32,0,84.6
2023-11-23,south,gadget,63.85,26.32,0,80.9
2023-11-23,west,widget,68.09,28.32,0,67.2
2023-11-24,north,widget,55.9,20.38,0,60.9
2023-11-24,north,gadget,58.97,22.38,0,75.1
2023-11-24,south,widget,69.28,24.38,0,84.6
2023-11-24,south,gadget,73.27,26.38,0,80.7
2023-11-24,west,widget,65.43,28.38,0,67.0
2023-11-25,north,widget,55.91,20.43,0,61.1
2023-11-25,north,gadget,55.78,22.43,0,75.3
2023-11-25,south,widget,64.89,24.43,0,84.7
2023-11-25,south,gadget,70.51,26.43,0,80.5
2023-11-25,west,widget,72.86,28.43,0,66.7
2023-11-26,north,widget,47.26,20.48,0,61.3
2023-11-26,north,gadget,55.31,22.48,0,75.6
2023-11-26,south,widget,61.62,24.48,0,84.7
2023-11-26,south,gadget,59.74,26.48,0,80.3
2023-11-26,west,widget,66.46,28.48,0,66.5
2023-11-27,north,widget,46.57,20.53,0,61.5
2023-11-27,north,gadget,54.84,22.53,0,75.8
2023-11-27,south,widget,80.38,22.53,1,84.8
2023-11-27,south,gadget,61.0,26.53,0,80.2
2023-11-27,west,widget,59.41,28.53,0,66.2
2023-11-28,north,widget,43.21,20.58,0,61.7
2023-11-28,north,gadget,49.65,22.58,0,76.0
2023-11-28,south,widget,83.34,22.58,1,84.8
2023-11-28,south,gadget,66.43,26.58,0,80.0
2023-11-28,west,widget,65.61,28.58,0,66.0
2023-11-29,north,widget,47.62,20.63,0,61.9
2023-11-29,north,gadget,55.89,22.63,0,76.3
2023-11-29,south,widget,83.31,22.63,1,84.9
2023-11-29,south,gadget,63.67,26.63,0,79.8
2023-11-29,west,widget,65.14,28.63,0,65.7
2023-11-30,north,widget,48.33,20.67,0,62.1
2023-11-30,north,gadget,55.07,22.67,0,76.5
2023-11-30,south,widget,61.3,24.67,0,84.9
2023-11-30,south,gadget,65.85,26.67,0,79.6
2023-11-30,west,widget,60.69,28.67,0,65.5
2023-12-01,north,widget,54.65,20.72,0,62.4
2023-12-01,north,gadget,63.87,22.72,0,76.7
2023-12-01,south,widget,70.71,24.72,0,84.9
2023-12-01,south,gadget,73.8,26.72,0,79.4
2023-12-01,west,widget,71.9,28.72,0,65.2
2023-12-02,north,widget,53.93,20.76,0,62.6
2023-12-02,north,gadget,57.13,22.76,0,77.0
2023-12-02,south,widget,72.34,24.76,0,84.9
2023-12-02,south,gadget,68.02,26.76,0,79.2
2023-12-02,west,widget,70.54,28.76,0,65.0
2023-12-03,north,widget,48.15,20.79,0,62.8
2023-12-03,north,gadget,57.28,22.79,0,77.2
2023-12-03,south,widget,57.14,24.79,0,85.0
2023-12-03,south,gadget,61.95,26.79,0,79.0
2023-12-03,west,widget,66.51,28.79,0,64.7
2023-12-04,north,widget,51.38,20.83,0,63.0
2023-12-04,north,gadget,75.03,20.83,1,77.4
2023-12-04,south,widget,59.32,24.83,0,85.0
2023-12-04,south,gadget,61.16,26.83,0,78.8
2023-12-04,west,widget,66.33,28.83,0,64.5
2023-12-05,north,widget,51.15,20.86,0,63.3
2023-12-05,north,gadget,72.65,20.86,1,77.7
2023-12-05,south,widget,58.09,24.86,0,85.0
2023-12-05,south,gadget,60.14,26.86,0,78.5
2023-12-05,west,widget,65.01,28.86,0,64.2
2023-12-06,north,widget,48.92,20.89,0,63.5
2023-12-06,north,gadget,83.13,20.89,1,77.9
2023-12-06,south,widget,55.2,24.89,0,85.0
2023-12-06,south,gadget,64.41,26.89,0,78.3
2023-12-06,west,widget,66.51,28.89,0,64.0
2023-12-07,north,widget,45.68,20.91,0,63.7
2023-12-07,north,gadget,55.05,22.91,0,78.1
2023-12-07,south,widget,58.6,24.91,0,85.0
2023-12-07,south,gadget,66.5,26.91,0,78.1
2023-12-07,west,widget,65.72,28.91,0,63.8
2023-12-08,north,widget,50.61,20.94,0,64.0
2023-12-08,north,gadget,57.53,22.94,0,78.3
2023-12-08,south,widget,69.85,24.94,0,85.0
2023-12-08,south,gadget,72.48,26.94,0,77.9
2023-12-08,west,widget,76.21,28.94,0,63.5
2023-12-09,north,widget,51.98,20.95,0,64.2
2023-12-09,north,gadget,59.58,22.95,0,78.5
2023-12-09,south,widget,67.84,24.95,0,85.0
2023-12-09,south,gadget,67.38,26.95,0,77.7
2023-12-09,west,widget,73.98,28.95,0,63.3
2023-12-10,north,widget,46.76,20.97,0,64.5
2023-12-10,north,gadget,52.96,22.97,0,78.7
2023-12-10,south,widget,63.67,24.97,0,85.0
2023-12-10,south,gadget,61.26,26.97,0,77.5
2023-12-10,west,widget,62.81,28.97,0,63.1
2023-12-11,north,widget,71.45,18.98,1,64.7
2023-12-11,north,gadget,53.68,22.98,0,78.9
2023-12-11,south,widget,59.21,24.98,0,85.0
2023-12-11,south,gadget,66.02,26.98,0,77.2
2023-12-11,west,widget,65.4,28.98,0,62.8
2023-12-12,north,widget,72.25,18.99,1,64.9
2023-12-12,north,gadget,55.97,22.99,0,79.1
2023-12-12,south,widget,61.73,24.99,0,84.9
2023-12-12,south,gadget,67.58,26.99,0,77.0
2023-12-12,west,widget,66.15,28.99,0,62.6
2023-12-13,north,widget,76.46,19.0,1,65.2
2023-12-13,north,gadget,51.43,23.0,0,79.3
2023-12-13,south,widget,62.27,25.0,0,84.9
2023-12-13,south,gadget,59.52,27.0,0,76.8
2023-12-13,west,widget,66.1,29.0,0,62.4
2023-12-14,north,widget,45.61,21.0,0,65.4
2023-12-14,north,gadget,56.78,23.0,0,79.5
2023-12-14,south,widget,63.03,25.0,0,84.9
2023-12-14,south,gadget,62.22,27.0,0,76.5
2023-12-14,west,widget,62.58,29.0,0,62.2
2023-12-15,north,widget,62.28,21.0,0,65.7
2023-12-15,north,gadget,67.68,23.0,0,79.7
2023-12-15,south,widget,66.17,25.0,0,84.9
2023-12-15,south,gadget,75.27,27.0,0,76.3
2023-12-15,west,widget,74.08,29.0,0,62.0
2023-12-16,north,widget,60.8,20.99,0,65.9
2023-12-16,north,gadget,61.55,22.99,0,79.9
2023-12-16,south,widget,70.16,24.99,0,84.8
2023-12-16,south,gadget,71.63,26.99,0,76.1
2023-12-16,west,widget,74.16,28.99,0,61.7
2023-12-17,north,widget,46.25,20.99,0,66.2
2023-12-17,north,gadget,55.8,22.99,0,80.1
2023-12-17,south,widget,61.19,24.99,0,84.8
2023-12-17,south,gadget,66.63,26.99,0,75.8
2023-12-17,west,widget,66.29,28.99,0,61.5
2023-12-18,north,widget,45.23,20.97,0,66.4
2023-12-18,north,gadget,55.15,22.97,0,80.3
2023-12-18,south,widget,58.1,24.97,0,84.7
2023-12-18,south,gadget,57.45,26.97,0,75.6
2023-12-18,west,widget,62.64,28.97,0,61.3
2023-12-19,north,widget,52.03,20.96,0,66.7
2023-12-19,north,gadget,49.64,22.96,0,80.5
2023-12-19,south,widget,62.27,24.96,0,84.7
2023-12-19,south,gadget,64.86,26.96,0,75.4
2023-12-19,west,widget,65.82,28.96,0,61.1
2023-12-20,north,widget,52.65,20.94,0,66.9
2023-12-20,north,gadget,54.52,22.94,0,80.7
2023-12-20,south,widget,62.41,24.94,0,84.6
2023-12-20,south,gadget,67.25,26.94,0,75.1
2023-12-20,west,widget,69.5,28.94,0,60.9
2023-12-21,north,widget,49.65,20.92,0,67.2
2023-12-21,north,gadget,52.01,22.92,0,80.9
2023-12-21,south,widget,61.53,24.92,0,84.6
2023-12-21,south,gadget,61.4,26.92,0,74.9
2023-12-21,west,widget,69.09,28.92,0,60.7
2023-12-22,north,widget,65.13,20.9,0,67.4
2023-12-22,north,gadget,62.12,22.9,0,81.0
2023-12-22,south,widget,68.91,24.9,0,84.5
2023-12-22,south,gadget,70.17,26.9,0,74.6
2023-12-22,west,widget,69.64,28.9,0,60.5
2023-12-23,north,widget,59.62,20.87,0,67.7
2023-12-23,north,gadget,68.3,22.87,0,81.2
2023-12-23,south,widget,70.14,24.87,0,84.4
2023-12-23,south,gadget,72.6,26.87,0,74.4
2023-12-23,west,widget,78.98,28.87,0,60.3
2023-12-24,north,widget,56.6,20.84,0,67.9
2023-12-24,north,gadget,58.61,22.84,0,81.4
2023-12-24,south,widget,67.91,24.84,0,84.4
2023-12-24,south,gadget,62.6,26.84,0,74.1
2023-12-24,west,widget,67.94,28.84,0,60.1
2023-12-25,north,widget,50.69,20.8,0,68.2
2023-12-25,north,gadget,57.49,22.8,0,81.6
2023-12-25,south,widget,62.34,24.8,0,84.3
2023-12-25,south,gadget,70.43,26.8,0,73.9
2023-12-25,west,widget,74.78,28.8,0,59.9
2023-12-26,north,widget,56.5,20.77,0,68.5
2023-12-26,north,gadget,61.32,22.77,0,81.7
2023-12-26,south,widget,63.4,24.77,0,84.2
2023-12-26,south,gadget,61.79,26.77,0,73.6
2023-12-26,west,widget,88.95,26.77,1,59.7
2023-12-27,north,widget,51.33,20.73,0,68.7
2023-12-27,north,gadget,58.02,22.73,0,81.9
2023-12-27,south,widget,62.31,24.73,0,84.1
2023-12-27,south,gadget,66.0,26.73,0,73.4
2023-12-27,west,widget,94.85,26.73,1,59.5
2023-12-28,north,widget,56.51,20.69,0,69.0
2023-12-28,north,gadget,64.23,22.69,0,82.0
2023-12-28,south,widget,61.93,24.69,0,84.0
2023-12-28,south,gadget,64.65,26.69,0,73.1
2023-12-28,west,widget,93.13,26.69,1,59.3
2023-12-29,north,widget,64.52,20.64,0,69.2
2023-12-29,north,gadget,66.79,22.64,0,82.2
2023-12-29,south,widget,75.49,24.64,0,83.9
2023-12-29,south,gadget,68.9,26.64,0,72.9
2023-12-29,west,widget,76.52,28.64,0,59.2
2023-12-30,north,widget,59.82,20.6,0,69.5
2023-12-30,north,gadget,66.22,22.6,0,82.3
2023-12-30,south,widget,71.8,24.6,0,83.8
2023-12-30,south,gadget,73.7,26.6,0,72.6
2023-12-30,west,widget,76.24,28.6,0,59.0
2023-12-31,north,widget,55.33,20.55,0,69.7
2023-12-31,north,gadget,60.61,22.55,0,82.5
2023-12-31,south,widget,62.85,24.55,0,83.7
2023-12-31,south,gadget,61.98,26.55,0,72.4
2023-12-31,west,widget,70.43,28.55,0,58.8
2024-01-01,north,widget,61.01,20.5,0,70.0
2024-01-01,north,gadget,57.99,22.5,0,82.6
2024-01-01,south,widget,61.29,24.5,0,83.6
2024-01-01,south,gadget,69.39,26.5,0,72.1
2024-01-01,west,widget,70.59,28.5,0,58.6
2024-01-02,north,widget,50.51,20.45,0,70.3
2024-01-02,north,gadget,64.72,22.45,0,82.8
2024-01-02,south,widget,63.04,24.45,0,83.5
2024-01-02,south,gadget,90.66,24.45,1,71.9
2024-01-02,west,widget,74.21,28.45,0,58.5
2024-01-03,north,widget,58.95,20.39,0,70.5
2024-01-03,north,gadget,58.2,22.39,0,82.9
2024-01-03,south,widget,69.13,24.39,0,83.4
2024-01-03,south,gadget,95.73,24.39,1,71.6
2024-01-03,west,widget,65.9,28.39,0,58.3
2024-01-04,north,widget,56.95,20.34,0,70.8
2024-01-04,north,gadget,59.74,22.34,0,83.0
2024-01-04,south,widget,65.58,24.34,0,83.3
2024-01-04,south,gadget,91.73,24.34,1,71.3
2024-01-04,west,widget,70.09,28.34,0,58.2
2024-01-05,north,widget,64.75,20.28,0,71.0
2024-01-05,north,gadget,70.56,22.28,0,83.1
2024-01-05,south,widget,73.2,24.28,0,83.2
2024-01-05,south,gadget,80.46,26.28,0,71.1
2024-01-05,west,widget,74.56,28.28,0,58.0
2024-01-06,north,widget,64.24,20.22,0,71.3
2024-01-06,north,gadget,65.03,22.22,0,83.3
2024-01-06,south,widget,72.79,24.22,0,83.1
2024-01-06,south,gadget,71.03,26.22,0,70.8
2024-01-06,west,widget,81.45,28.22,0,57.8
2024-01-07,north,widget,50.34,20.17,0,71.5
2024-01-07,north,gadget,64.31,22.17,0,83.4
2024-01-07,south,widget,66.12,24.17,0,82.9
2024-01-07,south,gadget,68.19,26.17,0,70.6
2024-01-07,west,widget,75.07,28.17,0,57.7
2024-01-08,north,widget,59.53,20.11,0,71.8
2024-01-08,north,gadget,66.19,22.11,0,83.5
2024-01-08,south,widget,67.02,24.11,0,82.8
2024-01-08,south,gadget,70.62,26.11,0,70.3
2024-01-08,west,widget,70.09,28.11,0,57.6
2024-01-09,north,widget,54.38,20.05,0,72.1
2024-01-09,north,gadget,57.8,22.05,0,83.6
2024-01-09,south,widget,92.77,22.05,1,82.7
2024-01-09,south,gadget,72.25,26.05,0,70.1
2024-01-09,west,widget,70.36,28.05,0,57.4
2024-01-10,north,widget,53.65,19.99,0,72.3
2024-01-10,north,gadget,68.48,21.99,0,83.7
2024-01-10,south,widget,89.59,21.99,1,82.5
2024-01-10,south,gadget,71.8,25.99,0,69.8
2024-01-10,west,widget,74.18,27.99,0,57.3
2024-01-11,north,widget,56.69,19.93,0,72.6
2024-01-11,north,gadget,64.78,21.93,0,83.8
2024-01-11,south,widget,95.67,21.93,1,82.4
2024-01-11,south,gadget,68.61,25.93,0,69.5
2024-01-11,west,widget,70.79,27.93,0,57.1
2024-01-12,north,widget,63.69,19.87,0,72.8
2024-01-12,north,gadget,70.7,21.87,0,83.9
2024-01-12,south,widget,75.61,23.87,0,82.2
2024-01-12,south,gadget,74.0,25.87,0,69.3
2024-01-12,west,widget,81.5,27.87,0,57.0
2024-01-13,north,widget,66.44,19.82,0,73.1
2024-01-13,north,gadget,75.6,21.82,0,84.0
2024-01-13,south,widget,73.56,23.82,0,82.1
2024-01-13,south,gadget,84.2,25.82,0,69.0
2024-01-13,west,widget,82.17,27.82,0,56.9
2024-01-14,north,widget,60.56,19.76,0,73.3
2024-01-14,north,gadget,64.75,21.76,0,84.1
2024-01-14,south,widget,69.32,23.76,0,81.9
2024-01-14,south,gadget,70.49,25.76,0,68.8
2024-01-14,west,widget,72.77,27.76,0,56.8
2024-01-15,north,widget,61.03,19.7,0,73.6
2024-01-15,north,gadget,66.99,21.7,0,84.2
2024-01-15,south,widget,71.16,23.7,0,81.8
2024-01-15,south,gadget,69.82,25.7,0,68.5
2024-01-15,west,widget,68.48,27.7,0,56.6
2024-01-16,north,widget,58.48,19.65,0,73.8
2024-01-16,north,gadget,88.09,19.65,1,84.3
2024-01-16,south,widget,69.1,23.65,0,81.6
2024-01-16,south,gadget,74.57,25.65,0,68.3
2024-01-16,west,widget,66.08,27.65,0,56.5
2024-01-17,north,widget,55.56,19.59,0,74.1
2024-01-17,north,gadget,89.96,19.59,1,84.4
2024-01-17,south,widget,66.96,23.59,0,81.4
2024-01-17,south,gadget,66.23,25.59,0,68.0
2024-01-17,west,widget,75.56,27.59,0,56.4
2024-01-18,north,widget,57.88,19.54,0,74.3
2024-01-18,north,gadget,93.28,19.54,1,84.4
2024-01-18,south,widget,73.5,23.54,0,81.3
2024-01-18,south,gadget,72.26,25.54,0,67.7
2024-01-18,west,widget,72.87,27.54,0,56.3
2024-01-19,north,widget,70.18,19.49,0,74.6
2024-01-19,north,gadget,68.31,21.49,0,84.5
2024-01-19,south,widget,76.28,23.49,0,81.1
2024-01-19,south,gadget,81.17,25.49,0,67.5
2024-01-19,west,widget,85.07,27.49,0,56.2
2024-01-20,north,widget,70.01,19.44,0,74.8
2024-01-20,north,gadget,73.82,21.44,0,84.6
2024-01-20,south,widget,84.69,23.44,0,80.9
2024-01-20,south,gadget,82.19,25.44,0,67.2
2024-01-20,west,widget,84.36,27.44,0,56.1
2024-01-21,north,widget,66.43,19.39,0,75.1
2024-01-21,north,gadget,71.87,21.39,0,84.6
2024-01-21,south,widget,71.63,23.39,0,80.7
2024-01-21,south,gadget,68.1,25.39,0,67.0
2024-01-21,west,widget,69.28,27.39,0,56.0
2024-01-22,north,widget,61.35,19.34,0,75.3
2024-01-22,north,gadget,66.09,21.34,0,84.7
2024-01-22,south,widget,73.7,23.34,0,80.6
2024-01-22,south,gadget,70.97,25.34,0,66.7
2024-01-22,west,widget,74.77,27.34,0,55.9
2024-01-23,north,widget,85.63,17.3,1,75.5
2024-01-23,north,gadget,67.8,21.3,0,84.7
2024-01-23,south,widget,67.46,23.3,0,80.4
2024-01-23,south,gadget,70.52,25.3,0,66.5
2024-01-23,west,widget,67.66,27.3,0,55.8
2024-01-24,north,widget,85.25,17.26,1,75.8
2024-01-24,north,gadget,65.18,21.26,0,84.8
2024-01-24,south,widget,71.17,23.26,0,80.2
2024-01-24,south,gadget,68.36,25.26,0,66.2
2024-01-24,west,widget,80.2,27.26,0,55.7
2024-01-25,north,widget,93.13,17.22,1,76.0
2024-01-25,north,gadget,69.88,21.22,0,84.8
2024-01-25,south,widget,75.09,23.22,0,80.0
2024-01-25,south,gadget,76.79,25.22,0,66.0
2024-01-25,west,widget,75.99,27.22,0,55.7
2024-01-26,north,widget,67.78,19.19,0,76.3
2024-01-26,north,gadget,78.7,21.19,0,84.9
2024-01-26,south,widget,78.66,23.19,0,79.8
2024-01-26,south,gadget,79.17,25.19,0,65.7
2024-01-26,west,widget,81.0,27.19,0,55.6
2024-01-27,north,widget,68.3,19.15,0,76.5
2024-01-27,north,gadget,75.34,21.15,0,84.9
2024-01-27,south,widget,74.29,23.15,0,79.6
2024-01-27,south,gadget,78.14,25.15,0,65.5
2024-01-27,west,widget,85.48,27.15,0,55.5
2024-01-28,north,widget,61.22,19.12,0,76.7
2024-01-28,north,gadget,69.01,21.12,0,84.9
2024-01-28,south,widget,77.08,23.12,0,79.4
2024-01-28,south,gadget,71.14,25.12,0,65.2
2024-01-28,west,widget,79.73,27.12,0,55.5
2024-01-29,north,widget,62.75,19.1,0,77.0
2024-01-29,north,gadget,66.82,21.1,0,84.9
2024-01-29,south,widget,73.09,23.1,0,79.2
2024-01-29,south,gadget,68.67,25.1,0,65.0
2024-01-29,west,widget,81.29,27.1,0,55.4
2024-01-30,north,widget,64.05,19.07,0,77.2
2024-01-30,north,gadget,68.76,21.07,0,85.0
2024-01-30,south,widget,71.6,23.07,0,79.0
2024-01-30,south,gadget,71.96,25.07,0,64.7
2024-01-30,west,widget,77.54,27.07,0,55.3
2024-01-31,north,widget,59.85,19.05,0,77.4
2024-01-31,north,gadget,69.98,21.05,0,85.0
2024-01-31,south,widget,72.48,23.05,0,78.8
2024-01-31,south,gadget,71.11,25.05,0,64.5
2024-01-31,west,widget,73.93,27.05,0,55.3
2024-02-01,north,widget,61.73,19.04,0,77.6
2024-02-01,north,gadget,72.31,21.04,0,85.0
2024-02-01,south,widget,71.83,23.04,0,78.6
2024-02-01,south,gadget,71.62,25.04,0,64.3
2024-02-01,west,widget,80.73,27.04,0,55.2
2024-02-02,north,widget,77.56,19.02,0,77.9
2024-02-02,north,gadget,78.79,21.02,0,85.0
2024-02-02,south,widget,81.85,23.02,0,78.4
2024-02-02,south,gadget,79.47,25.02,0,64.0
2024-02-02,west,widget,90.73,27.02,0,55.2
2024-02-03,north,widget,75.91,19.01,0,78.1
2024-02-03,north,gadget,79.64,21.01,0,85.0
2024-02-03,south,widget,83.89,23.01,0,78.1
2024-02-03,south,gadget,84.77,25.01,0,63.8
2024-02-03,west,widget,82.37,27.01,0,55.2
2024-02-04,north,widget,63.79,19.0,0,78.3
2024-02-04,north,gadget,67.93,21.0,0,85.0
2024-02-04,south,widget,73.34,23.0,0,77.9
2024-02-04,south,gadget,78.08,25.0,0,63.6
2024-02-04,west,widget,81.71,27.0,0,55.1
2024-02-05,north,widget,66.06,19.0,0,78.5
2024-02-05,north,gadget,67.08,21.0,0,85.0
2024-02-05,south,widget,73.56,23.0,0,77.7
2024-02-05,south,gadget,71.31,25.0,0,63.3
2024-02-05,west,widget,71.31,27.0,0,55.1
2024-02-06,north,widget,64.13,19.0,0,78.7
2024-02-06,north,gadget,72.54,21.0,0,85.0
2024-02-06,south,widget,69.31,23.0,0,77.5
2024-02-06,south,gadget,71.81,25.0,0,63.1
2024-02-06,west,widget,82.16,27.0,0,55.1
2024-02-07,north,widget,61.47,19.0,0,78.9
2024-02-07,north,gadget,73.82,21.0,0,85.0
2024-02-07,south,widget,73.31,23.0,0,77.3
2024-02-07,south,gadget,70.86,25.0,0,62.9
2024-02-07,west,widget,111.33,25.0,1,55.0
2024-02-08,north,widget,64.43,19.01,0,79.1
2024-02-08,north,gadget,69.49,21.01,0,84.9
2024-02-08,south,widget,74.14,23.01,0,77.0
2024-02-08,south,gadget,73.08,25.01,0,62.6
2024-02-08,west,widget,100.33,25.01,1,55.0
2024-02-09,north,widget,72.85,19.02,0,79.3
2024-02-09,north,gadget,75.4,21.02,0,84.9
2024-02-09,south,widget,80.13,23.02,0,76.8
2024-02-09,south,gadget,81.62,25.02,0,62.4
2024-02-09,west,widget,110.17,25.02,1,55.0
2024-02-10,north,widget,68.35,19.03,0,79.5
2024-02-10,north,gadget,77.85,21.03,0,84.9
2024-02-10,south,widget,80.5,23.03,0,76.6
2024-02-10,south,gadget,85.22,25.03,0,62.2
2024-02-10,west,widget,90.04,27.03,0,55.0
2024-02-11,north,widget,65.63,19.05,0,79.7
2024-02-11,north,gadget,66.25,21.05,0,84.9
2024-02-11,south,widget,76.7,23.05,0,76.3
2024-02-11,south,gadget,71.42,25.05,0,62.0
2024-02-11,west,widget,81.63,27.05,0,55.0
2024-02-12,north,widget,67.2,19.07,0,79.9
2024-02-12,north,gadget,77.51,21.07,0,84.8
2024-02-12,south,widget,76.96,23.07,0,76.1
2024-02-12,south,gadget,75.74,25.07,0,61.8
2024-02-12,west,widget,80.48,27.07,0,55.0
2024-02-13,north,widget,66.07,19.09,0,80.1
2024-02-13,north,gadget,71.36,21.09,0,84.8
2024-02-13,south,widget,76.86,23.09,0,75.9
2024-02-13,south,gadget,77.91,25.09,0,61.5
2024-02-13,west,widget,75.86,27.09,0,55.0
2024-02-14,north,widget,66.89,19.12,0,80.3
2024-02-14,north,gadget,73.15,21.12,0,84.7
2024-02-14,south,widget,68.67,23.12,0,75.6
2024-02-14,south,gadget,101.32,23.12,1,61.3
2024-02-14,west,widget,76.33,27.12,0,55.0
2024-02-15,north,widget,64.23,19.15,0,80.5
2024-02-15,north,gadget,73.16,21.15,0,84.7
2024-02-15,south,widget,75.81,23.15,0,75.4
2024-02-15,south,gadget,100.49,23.15,1,61.1
2024-02-15,west,widget,78.3,27.15,0,55.0
2024-02-16,north,widget,76.83,19.18,0,80.7
2024-02-16,north,gadget,79.43,21.18,0,84.6
2024-02-16,south,widget,83.59,23.18,0,75.1
2024-02-16,south,gadget,110.89,23.18,1,60.9
2024-02-16,west,widget,89.28,27.18,0,55.0
2024-02-17,north,widget,81.37,19.22,0,80.9
2024-02-17,north,gadget,77.13,21.22,0,84.6
2024-02-17,south,widget,85.35,23.22,0,74.9
2024-02-17,south,gadget,81.17,25.22,0,60.7
2024-02-17,west,widget,88.71,27.22,0,55.1
2024-02-18,north,widget,66.19,19.26,0,81.0
2024-02-18,north,gadget,70.12,21.26,0,84.5
2024-02-18,south,widget,75.19,23.26,0,74.7
2024-02-18,south,gadget,76.8,25.26,0,60.5
2024-02-18,west,widget,80.67,27.26,0,55.1
2024-02-19,north,widget,66.86,19.3,0,81.2
2024-02-19,north,gadget,71.43,21.3,0,84.4
2024-02-19,south,widget,78.27,23.3,0,74.4
2024-02-19,south,gadget,75.12,25.3,0,60.3
2024-02-19,west,widget,85.57,27.3,0,55.1
2024-02-20,north,widget,63.63,19.34,0,81.4
2024-02-20,north,gadget,75.62,21.34,0,84.4
2024-02-20,south,widget,76.48,23.34,0,74.2
2024-02-20,south,gadget,77.2,25.34,0,60.1
2024-02-20,west,widget,76.86,27.34,0,55.2
2024-02-21,north,widget,66.29,19.39,0,81.5
2024-02-21,north,gadget,69.39,21.39,0,84.3
2024-02-21,south,widget,93.97,21.39,1,73.9
2024-02-21,south,gadget,74.09,25.39,0,59.9
2024-02-21,west,widget,78.31,27.39,0,55.2
2024-02-22,north,widget,68.67,19.43,0,81.7
2024-02-22,north,gadget,72.84,21.43,0,84.2
2024-02-22,south,widget,99.32,21.43,1,73.7
2024-02-22,south,gadget,76.31,25.43,0,59.7
2024-02-22,west,widget,78.62,27.43,0,55.2
2024-02-23,north,widget,71.38,19.48,0,81.9
2024-02-23,north,gadget,84.35,21.48,0,84.1
2024-02-23,south,widget,109.52,21.48,1,73.4
2024-02-23,south,gadget,82.03,25.48,0,59.5
2024-02-23,west,widget,87.12,27.48,0,55.3
2024-02-24,north,widget,75.31,19.53,0,82.0
2024-02-24,north,gadget,76.63,21.53,0,84.0
2024-02-24,south,widget,85.33,23.53,0,73.2
2024-02-24,south,gadget,84.49,25.53,0,59.4
2024-02-24,west,widget,88.17,27.53,0,55.4
2024-02-25,north,widget,66.88,19.59,0,82.2
2024-02-25,north,gadget,69.54,21.59,0,84.0
2024-02-25,south,widget,76.84,23.59,0,72.9
2024-02-25,south,gadget,74.38,25.59,0,59.2
2024-02-25,west,widget,79.49,27.59,0,55.4
2024-02-26,north,widget,65.54,19.64,0,82.3
2024-02-26,north,gadget,73.39,21.64,0,83.9
2024-02-26,south,widget,73.75,23.64,0,72.6
2024-02-26,south,gadget,76.46,25.64,0,59.0
2024-02-26,west,widget,80.46,27.64,0,55.5
2024-02-27,north,widget,74.72,19.7,0,82.5
2024-02-27,north,gadget,74.07,21.7,0,83.8
2024-02-27,south,widget,76.34,23.7,0,72.4
2024-02-27,south,gadget,74.41,25.7,0,58.8
2024-02-27,west,widget,82.42,27.7,0,55.5
2024-02-28,north,widget,71.59,19.75,0,82.6
2024-02-28,north,gadget,97.25,19.75,1,83.6
2024-02-28,south,widget,77.28,23.75,0,72.1
2024-02-28,south,gadget,76.99,25.75,0,58.7
2024-02-28,west,widget,78.08,27.75,0,55.6
2024-02-29,north,widget,61.04,19.81,0,82.7
2024-02-29,north,gadget,98.62,19.81,1,83.5
2024-02-29,south,widget,70.6,23.81,0,71.9
2024-02-29,south,gadget,71.53,25.81,0,58.5
2024-02-29,west,widget,77.43,27.81,0,55.7
2024-03-01,north,widget,79.22,19.87,0,82.9
2024-03-01,north,gadget,104.94,19.87,1,83.4
2024-03-01,south,widget,82.52,23.87,0,71.6
2024-03-01,south,gadget,81.43,25.87,0,58.3
2024-03-01,west,widget,87.83,27.87,0,55.8
2024-03-02,north,widget,72.37,19.93,0,83.0
2024-03-02,north,gadget,79.49,21.93,0,83.3
2024-03-02,south,widget,79.4,23.93,0,71.4
2024-03-02,south,gadget,81.77,25.93,0,58.2
2024-03-02,west,widget,92.42,27.93,0,55.8
2024-03-03,north,widget,63.77,19.98,0,83.1
2024-03-03,north,gadget,76.78,21.98,0,83.2
2024-03-03,south,widget,72.91,23.98,0,71.1
2024-03-03,south,gadget,78.1,25.98,0,58.0
2024-03-03,west,widget,80.89,27.98,0,55.9
2024-03-04,north,widget,64.32,20.04,0,83.3
2024-03-04,north,gadget,72.07,22.04,0,83.1
2024-03-04,south,widget,76.38,24.04,0,70.9
2024-03-04,south,gadget,72.78,26.04,0,57.9
2024-03-04,west,widget,77.21,28.04,0,56.0
2024-03-05,north,widget,68.59,20.1,0,83.4
2024-03-05,north,gadget,74.3,22.1,0,82.9
2024-03-05,south,widget,71.39,24.1,0,70.6
2024-03-05,south,gadget,79.39,26.1,0,57.7
2024-03-05,west,widget,82.27,28.1,0,56.1
2024-03-06,north,widget,94.16,18.16,1,83.5
2024-03-06,north,gadget,69.67,22.16,0,82.8
2024-03-06,south,widget,76.02,24.16,0,70.3
2024-03-06,south,gadget,73.75,26.16,0,57.6
2024-03-06,west,widget,78.65,28.16,0,56.2
2024-03-07,north,widget,92.94,18.22,1,83.6
2024-03-07,north,gadget,68.62,22.22,0,82.7
2024-03-07,south,widget,78.92,24.22,0,70.1
2024-03-07,south,gadget,77.51,26.22,0,57.4
2024-03-07,west,widget,81.09,28.22,0,56.3
2024-03-08,north,widget,104.93,18.28,1,83.7
2024-03-08,north,gadget,81.67,22.28,0,82.5
2024-03-08,south,widget,80.67,24.28,0,69.8
2024-03-08,south,gadget,76.39,26.28,0,57.3
2024-03-08,west,widget,90.43,28.28,0,56.4
2024-03-09,north,widget,75.42,20.33,0,83.8
2024-03-09,north,gadget,84.16,22.33,0,82.4
2024-03-09,south,widget,81.42,24.33,0,69.6
2024-03-09,south,gadget,83.45,26.33,0,57.1
2024-03-09,west,widget,85.93,28.33,0,56.5
2024-03-10,north,widget,68.78,20.39,0,83.9
2024-03-10,north,gadget,70.65,22.39,0,82.2
2024-03-10,south,widget,78.91,24.39,0,69.3
2024-03-10,south,gadget,83.03,26.39,0,57.0
2024-03-10,west,widget,76.07,28.39,0,56.7
2024-03-11,north,widget,66.02,20.44,0,84.0
2024-03-11,north,gadget,72.13,22.44,0,82.1
2024-03-11,south,widget,68.74,24.44,0,69.0
2024-03-11,south,gadget,73.27,26.44,0,56.9
2024-03-11,west,widget,80.32,28.44,0,56.8
2024-03-12,north,widget,67.68,20.49,0,84.1
2024-03-12,north,gadget,76.45,22.49,0,81.9
2024-03-12,south,widget,74.18,24.49,0,68.8
2024-03-12,south,gadget,79.45,26.49,0,56.8
2024-03-12,west,widget,76.54,28.49,0,56.9
2024-03-13,north,widget,64.34,20.54,0,84.2
2024-03-13,north,gadget,70.61,22.54,0,81.8
2024-03-13,south,widget,72.82,24.54,0,68.5
2024-03-13,south,gadget,74.28,26.54,0,56.6
2024-03-13,west,widget,78.84,28.54,0,57.0
2024-03-14,north,widget,64.02,20.59,0,84.3
2024-03-14,north,gadget,71.35,22.59,0,81.6
2024-03-14,south,widget,71.93,24.59,0,68.3
2024-03-14,south,gadget,79.0,26.59,0,56.5
2024-03-14,west,widget,81.29,28.59,0,57.2
2024-03-15,north,widget,76.44,20.64,0,84.3
2024-03-15,north,gadget,87.51,22.64,0,81.4
2024-03-15,south,widget,80.9,24.64,0,68.0
2024-03-15,south,gadget,79.88,26.64,0,56.4
2024-03-15,west,widget,91.66,28.64,0,57.3
2024-03-16,north,widget,74.58,20.68,0,84.4
2024-03-16,north,gadget,81.12,22.68,0,81.3
2024-03-16,south,widget,81.52,24.68,0,67.8
2024-03-16,south,gadget,81.42,26.68,0,56.3
2024-03-16,west,widget,85.53,28.68,0,57.4
2024-03-17,north,widget,70.22,20.72,0,84.5
2024-03-17,north,gadget,76.39,22.72,0,81.1
2024-03-17,south,widget,76.11,24.72,0,67.5
2024-03-17,south,gadget,79.63,26.72,0,56.2
2024-03-17,west,widget,82.07,28.72,0,57.6
2024-03-18,north,widget,67.08,20.76,0,84.6
2024-03-18,north,gadget,72.32,22.76,0,80.9
2024-03-18,south,widget,71.29,24.76,0,67.3
2024-03-18,south,gadget,72.63,26.76,0,56.1
2024-03-18,west,widget,74.54,28.76,0,57.7
2024-03-19,north,widget,61.99,20.8,0,84.6
2024-03-19,north,gadget,69.76,22.8,0,80.7
2024-03-19,south,widget,70.24,24.8,0,67.0
2024-03-19,south,gadget,71.12,26.8,0,56.0
2024-03-19,west,widget,79.32,28.8,0,57.9
2024-03-20,north,widget,67.89,20.83,0,84.7
2024-03-20,north,gadget,69.79,22.83,0,80.6
2024-03-20,south,widget,74.21,24.83,0,66.8
2024-03-20,south,gadget,77.44,26.83,0,55.9
2024-03-20,west,widget,76.71,28.83,0,58.0
2024-03-21,north,widget,70.19,20.86,0,84.7
2024-03-21,north,gadget,72.19,22.86,0,80.4
2024-03-21,south,widget,76.58,24.86,0,66.5
2024-03-21,south,gadget,74.76,26.86,0,55.8
2024-03-21,west,widget,105.72,26.86,1,58.2
2024-03-22,north,widget,80.22,20.89,0,84.8
2024-03-22,north,gadget,76.14,22.89,0,80.2
2024-03-22,south,widget,74.47,24.89,0,66.2
2024-03-22,south,gadget,84.53,26.89,0,55.8
2024-03-22,west,widget,114.67,26.89,1,58.4
2024-03-23,north,widget,73.47,20.92,0,84.8
2024-03-23,north,gadget,75.47,22.92,0,80.0
2024-03-23,south,widget,80.04,24.92,0,66.0
2024-03-23,south,gadget,92.58,26.92,0,55.7
2024-03-23,west,widget,114.82,26.92,1,58.5
2024-03-24,north,widget,60.21,20.94,0,84.8
2024-03-24,north,gadget,69.76,22.94,0,79.8
2024-03-24,south,widget,71.73,24.94,0,65.8
2024-03-24,south,gadget,76.33,26.94,0,55.6
2024-03-24,west,widget,83.42,28.94,0,58.7
2024-03-25,north,widget,71.34,20.96,0,84.9
2024-03-25,north,gadget,68.51,22.96,0,79.6
2024-03-25,south,widget,73.62,24.96,0,65.5
2024-03-25,south,gadget,79.84,26.96,0,55.5
2024-03-25,west,widget,83.09,28.96,0,58.9
2024-03-26,north,widget,65.63,20.97,0,84.9
2024-03-26,north,gadget,64.0,22.97,0,79.4
2024-03-26,south,widget,78.38,24.97,0,65.3
2024-03-26,south,gadget,76.44,26.97,0,55.5
2024-03-26,west,widget,75.1,28.97,0,59.0
2024-03-27,north,widget,65.81,20.98,0,84.9
2024-03-27,north,gadget,71.86,22.98,0,79.2
2024-03-27,south,widget,72.4,24.98,0,65.0
2024-03-27,south,gadget,79.4,26.98,0,55.4
2024-03-27,west,widget,74.08,28.98,0,59.2
2024-03-28,north,widget,63.94,20.99,0,85.0
2024-03-28,north,gadget,66.74,22.99,0,79.0
2024-03-28,south,widget,75.07,24.99,0,64.8
2024-03-28,south,gadget,107.1,24.99,1,55.3
2024-03-28,west,widget,82.37,28.99,0,59.4
2024-03-29,north,widget,77.0,21.0,0,85.0
2024-03-29,north,gadget,78.71,23.0,0,78.8
2024-03-29,south,widget,79.8,25.0,0,64.5
2024-03-29,south,gadget,108.39,25.0,1,55.3
2024-03-29,west,widget,87.98,29.0,0,59.6
2024-03-30,north,widget,73.78,21.0,0,85.0
2024-03-30,north,gadget,78.24,23.0,0,78.6
2024-03-30,south,widget,75.06,25.0,0,64.3
2024-03-30,south,gadget,112.98,25.0,1,55.2
2024-03-30,west,widget,81.46,29.0,0,59.8
2024-03-31,north,widget,69.12,21.0,0,85.0
2024-03-31,north,gadget,69.25,23.0,0,78.4
2024-03-31,south,widget,77.27,25.0,0,64.1
2024-03-31,south,gadget,79.83,27.0,0,55.2
2024-03-31,west,widget,84.87,29.0,0,60.0
2024-04-01,north,widget,61.04,20.99,0,85.0
2024-04-01,north,gadget,76.44,22.99,0,78.2
2024-04-01,south,widget,69.62,24.99,0,63.8
2024-04-01,south,gadget,72.11,26.99,0,55.2
2024-04-01,west,widget,81.19,28.99,0,60.1
2024-04-02,north,widget,72.81,20.98,0,85.0
2024-04-02,north,gadget,71.61,22.98,0,77.9
2024-04-02,south,widget,74.16,24.98,0,63.6
2024-04-02,south,gadget,76.28,26.98,0,55.1
2024-04-02,west,widget,78.64,28.98,0,60.3
2024-04-03,north,widget,64.84,20.97,0,85.0
2024-04-03,north,gadget,67.11,22.97,0,77.7
2024-04-03,south,widget,71.22,24.97,0,63.3
2024-04-03,south,gadget,77.73,26.97,0,55.1
2024-04-03,west,widget,79.83,28.97,0,60.5
2024-04-04,north,widget,67.39,20.96,0,85.0
2024-04-04,north,gadget,74.53,22.96,0,77.5
2024-04-04,south,widget,97.2,22.96,1,63.1
2024-04-04,south,gadget,74.86,26.96,0,55.1
2024-04-04,west,widget,78.49,28.96,0,60.7
2024-04-05,north,widget,75.3,20.94,0,85.0
2024-04-05,north,gadget,85.33,22.94,0,77.3
2024-04-05,south,widget,105.14,22.94,1,62.9
2024-04-05,south,gadget,85.3,26.94,0,55.0
2024-04-05,west,widget,86.05,28.94,0,60.9
2024-04-06,north,widget,72.31,20.92,0,84.9
2024-04-06,north,gadget,75.89,22.92,0,77.0
2024-04-06,south,widget,108.85,22.92,1,62.7
2024-04-06,south,gadget,86.02,26.92,0,55.0
2024-04-06,west,widget,85.75,28.92,0,61.2
2024-04-07,north,widget,69.42,20.89,0,84.9
2024-04-07,north,gadget,70.85,22.89,0,76.8
2024-04-07,south,widget,69.08,24.89,0,62.4
2024-04-07,south,gadget,74.09,26.89,0,55.0
2024-04-07,west,widget,78.75,28.89,0,61.4
2024-04-08,north,widget,69.29,20.86,0,84.9
2024-04-08,north,gadget,68.48,22.86,0,76.6
2024-04-08,south,widget,73.29,24.86,0,62.2
2024-04-08,south,gadget,72.9,26.86,0,55.0
2024-04-08,west,widget,80.44,28.86,0,61.6
2024-04-09,north,widget,71.57,20.83,0,84.9
2024-04-09,north,gadget,67.32,22.83,0,76.4
2024-04-09,south,widget,67.87,24.83,0,62.0
2024-04-09,south,gadget,81.91,26.83,0,55.0
2024-04-09,west,widget,84.17,28.83,0,61.8
2024-04-10,north,widget,67.93,20.8,0,84.8
2024-04-10,north,gadget,69.45,22.8,0,76.1
2024-04-10,south,widget,75.92,24.8,0,61.8
2024-04-10,south,gadget,73.89,26.8,0,55.0
2024-04-10,west,widget,79.3,28.8,0,62.0
2024-04-11,north,widget,69.45,20.76,0,84.8
2024-04-11,north,gadget,93.27,20.76,1,75.9
2024-04-11,south,widget,74.54,24.76,0,61.6
2024-04-11,south,gadget,76.62,26.76,0,55.0
2024-04-11,west,widget,80.82,28.76,0,62.2
2024-04-12,north,widget,75.19,20.72,0,84.7
2024-04-12,north,gadget,102.07,20.72,1,75.6
2024-04-12,south,widget,77.85,24.72,0,61.4
2024-04-12,south,gadget,83.46,26.72,0,55.0
2024-04-12,west,widget,95.02,28.72,0,62.5
2024-04-13,north,widget,79.47,20.68,0,84.7
2024-04-13,north,gadget,106.73,20.68,1,75.4
2024-04-13,south,widget,77.95,24.68,0,61.1
2024-04-13,south,gadget,81.3,26.68,0,55.0
2024-04-13,west,widget,86.22,28.68,0,62.7
2024-04-14,north,widget,69.99,20.63,0,84.6
2024-04-14,north,gadget,70.84,22.63,0,75.2
2024-04-14,south,widget,71.74,24.63,0,60.9
2024-04-14,south,gadget,80.45,26.63,0,55.0
2024-04-14,west,widget,77.53,28.63,0,62.9
2024-04-15,north,widget,69.08,20.59,0,84.6
2024-04-15,north,gadget,75.46,22.59,0,74.9
2024-04-15,south,widget,66.21,24.59,0,60.7
2024-04-15,south,gadget,77.69,26.59,0,55.1
2024-04-15,west,widget,80.83,28.59,0,63.1
2024-04-16,north,widget,72.77,20.54,0,84.5
2024-04-16,north,gadget,72.27,22.54,0,74.7
2024-04-16,south,widget,76.89,24.54,0,60.5
2024-04-16,south,gadget,73.8,26.54,0,55.1
2024-04-16,west,widget,81.71,28.54,0,63.4
2024-04-17,north,widget,68.18,20.49,0,84.5
2024-04-17,north,gadget,72.51,22.49,0,74.4
2024-04-17,south,widget,73.44,24.49,0,60.3
2024-04-17,south,gadget,82.4,26.49,0,55.1
2024-04-17,west,widget,82.11,28.49,0,63.6
2024-04-18,north,widget,93.74,18.44,1,84.4
2024-04-18,north,gadget,66.02,22.44,0,74.2
2024-04-18,south,widget,75.02,24.44,0,60.1
2024-04-18,south,gadget,75.25,26.44,0,55.2
2024-04-18,west,widget,81.74,28.44,0,63.8
2024-04-19,north,widget,95.14,18.38,1,84.3
2024-04-19,north,gadget,74.9,22.38,0,73.9
2024-04-19,south,widget,81.24,24.38,0,59.9
2024-04-19,south,gadget,83.4,26.38,0,55.2
2024-04-19,west,widget,89.25,28.38,0,64.1
2024-04-20,north,widget,102.5,18.33,1,84.2
2024-04-20,north,gadget,81.79,22.33,0,73.7
2024-04-20,south,widget,79.11,24.33,0,59.8
2024-04-20,south,gadget,83.51,26.33,0,55.2
2024-04-20,west,widget,89.34,28.33,0,64.3
2024-04-21,north,widget,62.13,20.27,0,84.1
2024-04-21,north,gadget,75.69,22.27,0,73.4
2024-04-21,south,widget,68.9,24.27,0,59.6
2024-04-21,south,gadget,74.83,26.27,0,55.3
2024-04-21,west,widget,83.85,28.27,0,64.5
2024-04-22,north,widget,69.28,20.21,0,84.1
2024-04-22,north,gadget,71.77,22.21,0,73.2
2024-04-22,south,widget,77.4,24.21,0,59.4
2024-04-22,south,gadget,79.91,26.21,0,55.3
2024-04-22,west,widget,78.26,28.21,0,64.8
2024-04-23,north,widget,70.96,20.16,0,84.0
2024-04-23,north,gadget,71.93,22.16,0,72.9
2024-04-23,south,widget,71.49,24.16,0,59.2
2024-04-23,south,gadget,80.32,26.16,0,55.4
2024-04-23,west,widget,78.47,28.16,0,65.0
2024-04-24,north,widget,73.96,20.1,0,83.9
2024-04-24,north,gadget,73.74,22.1,0,72.7
2024-04-24,south,widget,75.0,24.1,0,59.0
2024-04-24,south,gadget,75.48,26.1,0,55.5
2024-04-24,west,widget,79.63,28.1,0,65.3
2024-04-25,north,widget,65.62,20.04,0,83.8
2024-04-25,north,gadget,67.69,22.04,0,72.4
2024-04-25,south,widget,70.67,24.04,0,58.8
2024-04-25,south,gadget,72.61,26.04,0,55.5
2024-04-25,west,widget,83.7,28.04,0,65.5
2024-04-26,north,widget,74.54,19.98,0,83.7
2024-04-26,north,gadget,73.77,21.98,0,72.2
2024-04-26,south,widget,82.75,23.98,0,58.7
2024-04-26,south,gadget,83.34,25.98,0,55.6
2024-04-26,west,widget,85.55,27.98,0,65.8
2024-04-27,north,widget,75.77,19.92,0,83.6
2024-04-27,north,gadget,74.89,21.92,0,71.9
2024-04-27,south,widget,80.89,23.92,0,58.5
2024-04-27,south,gadget,81.22,25.92,0,55.7
2024-04-27,west,widget,86.49,27.92,0,66.0
2024-04-28,north,widget,69.23,19.86,0,83.4
2024-04-28,north,gadget,69.92,21.86,0,71.7
2024-04-28,south,widget,69.64,23.86,0,58.3
2024-04-28,south,gadget,78.11,25.86,0,55.8
2024-04-28,west,widget,87.58,27.86,0,66.3
2024-04-29,north,widget,67.46,19.81,0,83.3
2024-04-29,north,gadget,70.21,21.81,0,71.4
2024-04-29,south,widget,69.19,23.81,0,58.2
2024-04-29,south,gadget,72.61,25.81,0,55.8
2024-04-29,west,widget,85.92,27.81,0,66.5
2024-04-30,north,widget,69.29,19.75,0,83.2
2024-04-30,north,gadget,65.0,21.75,0,71.1
2024-04-30,south,widget,69.73,23.75,0,58.0
2024-04-30,south,gadget,78.55,25.75,0,55.9
2024-04-30,west,widget,83.89,27.75,0,66.8
2024-05-01,north,widget,72.99,19.69,0,83.1
2024-05-01,north,gadget,73.18,21.69,0,70.9
2024-05-01,south,widget,68.94,23.69,0,57.9
2024-05-01,south,gadget,79.99,25.69,0,56.0
2024-05-01,west,widget,81.93,27.69,0,67.0
2024-05-02,north,widget,71.67,19.64,0,82.9
2024-05-02,north,gadget,75.8,21.64,0,70.6
2024-05-02,south,widget,72.02,23.64,0,57.7
2024-05-02,south,gadget,78.35,25.64,0,56.1
2024-05-02,west,widget,81.88,27.64,0,67.3
2024-05-03,north,widget,72.61,19.58,0,82.8
2024-05-03,north,gadget,72.36,21.58,0,70.4
2024-05-03,south,widget,82.68,23.58,0,57.6
2024-05-03,south,gadget,83.57,25.58,0,56.2
2024-05-03,west,widget,117.47,25.58,1,67.5
2024-05-04,north,widget,78.13,19.53,0,82.7
2024-05-04,north,gadget,76.4,21.53,0,70.1
2024-05-04,south,widget,76.43,23.53,0,57.4
2024-05-04,south,gadget,86.55,25.53,0,56.3
2024-05-04,west,widget,119.79,25.53,1,67.8
2024-05-05,north,widget,64.88,19.48,0,82.5
2024-05-05,north,gadget,69.6,21.48,0,69.8
2024-05-05,south,widget,74.82,23.48,0,57.3
2024-05-05,south,gadget,79.26,25.48,0,56.4
2024-05-05,west,widget,103.49,25.48,1,68.0
2024-05-06,north,widget,65.48,19.43,0,82.4
2024-05-06,north,gadget,67.15,21.43,0,69.6
2024-05-06,south,widget,71.69,23.43,0,57.2
2024-05-06,south,gadget,74.39,25.43,0,56.5
2024-05-06,west,widget,78.26,27.43,0,68.3
2024-05-07,north,widget,68.45,19.38,0,82.2
2024-05-07,north,gadget,65.92,21.38,0,69.3
2024-05-07,south,widget,70.72,23.38,0,57.0
2024-05-07,south,gadget,70.5,25.38,0,56.7
2024-05-07,west,widget,79.38,27.38,0,68.5
2024-05-08,north,widget,63.06,19.34,0,82.1
2024-05-08,north,gadget,72.9,21.34,0,69.1
2024-05-08,south,widget,69.42,23.34,0,56.9
2024-05-08,south,gadget,75.0,25.34,0,56.8
2024-05-08,west,widget,83.72,27.34,0,68.8
2024-05-09,north,widget,68.78,19.29,0,81.9
2024-05-09,north,gadget,71.73,21.29,0,68.8
2024-05-09,south,widget,72.12,23.29,0,56.8
2024-05-09,south,gadget,76.99,25.29,0,56.9
2024-05-09,west,widget,78.72,27.29,0,69.1
2024-05-10,north,widget,73.7,19.25,0,81.8
2024-05-10,north,gadget,73.13,21.25,0,68.6
2024-05-10,south,widget,80.13,23.25,0,56.7
2024-05-10,south,gadget,110.27,23.25,1,57.0
2024-05-10,west,widget,93.76,27.25,0,69.3
2024-05-11,north,widget,76.87,19.22,0,81.6
2024-05-11,north,gadget,76.59,21.22,0,68.3
2024-05-11,south,widget,84.46,23.22,0,56.5
2024-05-11,south,gadget,109.33,23.22,1,57.2
2024-05-11,west,widget,88.56,27.22,0,69.6
2024-05-12,north,widget,70.0,19.18,0,81.5
2024-05-12,north,gadget,70.64,21.18,0,68.0
2024-05-12,south,widget,70.61,23.18,0,56.4
2024-05-12,south,gadget,106.92,23.18,1,57.3
2024-05-12,west,widget,82.2,27.18,0,69.8
2024-05-13,north,widget,65.4,19.15,0,81.3
2024-05-13,north,gadget,68.19,21.15,0,67.8
2024-05-13,south,widget,72.66,23.15,0,56.3
2024-05-13,south,gadget,75.05,25.15,0,57.4
2024-05-13,west,widget,81.91,27.15,0,70.1
2024-05-14,north,widget,64.65,19.12,0,81.1
2024-05-14,north,gadget,66.95,21.12,0,67.5
2024-05-14,south,widget,68.95,23.12,0,56.2
2024-05-14,south,gadget,66.47,25.12,0,57.6
2024-05-14,west,widget,82.0,27.12,0,70.4
2024-05-15,north,widget,69.65,19.09,0,80.9
2024-05-15,north,gadget,66.93,21.09,0,67.3
2024-05-15,south,widget,67.87,23.09,0,56.1
2024-05-15,south,gadget,75.77,25.09,0,57.7
2024-05-15,west,widget,82.27,27.09,0,70.6
2024-05-16,north,widget,68.75,19.07,0,80.8
2024-05-16,north,gadget,65.43,21.07,0,67.0
2024-05-16,south,widget,70.72,23.07,0,56.0
2024-05-16,south,gadget,75.2,25.07,0,57.9
2024-05-16,west,widget,83.2,27.07,0,70.9
2024-05-17,north,widget,70.34,19.05,0,80.6
2024-05-17,north,gadget,77.76,21.05,0,66.8
2024-05-17,south,widget,107.11,21.05,1,55.9
2024-05-17,south,gadget,79.74,25.05,0,58.0
2024-05-17,west,widget,87.02,27.05,0,71.1
2024-05-18,north,widget,72.56,19.03,0,80.4
2024-05-18,north,gadget,78.92,21.03,0,66.5
2024-05-18,south,widget,104.14,21.03,1,55.8
2024-05-18,south,gadget,83.23,25.03,0,58.2
2024-05-18,west,widget,92.16,27.03,0,71.4
2024-05-19,north,widget,63.91,19.02,0,80.2
2024-05-19,north,gadget,67.05,21.02,0,66.3
2024-05-19,south,widget,90.27,21.02,1,55.8
2024-05-19,south,gadget,75.91,25.02,0,58.3
2024-05-19,west,widget,81.92,27.02,0,71.6
2024-05-20,north,widget,66.25,19.01,0,80.0
2024-05-20,north,gadget,73.12,21.01,0,66.0
2024-05-20,south,widget,67.15,23.01,0,55.7
2024-05-20,south,gadget,79.7,25.01,0,58.5
2024-05-20,west,widget,78.16,27.01,0,71.9
2024-05-21,north,widget,65.35,19.0,0,79.8
2024-05-21,north,gadget,67.94,21.0,0,65.8
2024-05-21,south,widget,72.32,23.0,0,55.6
2024-05-21,south,gadget,78.52,25.0,0,58.7
2024-05-21,west,widget,80.49,27.0,0,72.2
2024-05-22,north,widget,65.82,19.0,0,79.6
2024-05-22,north,gadget,68.15,21.0,0,65.5
2024-05-22,south,widget,73.79,23.0,0,55.5
2024-05-22,south,gadget,76.79,25.0,0,58.8
2024-05-22,west,widget,83.95,27.0,0,72.4
2024-05-23,north,widget,63.91,19.0,0,79.4
2024-05-23,north,gadget,69.34,21.0,0,65.3
2024-05-23,south,widget,65.86,23.0,0,55.5
2024-05-23,south,gadget,72.41,25.0,0,59.0
2024-05-23,west,widget,82.52,27.0,0,72.7
2024-05-24,north,widget,78.22,19.0,0,79.2
2024-05-24,north,gadget,101.72,19.0,1,65.0
2024-05-24,south,widget,79.67,23.0,0,55.4
2024-05-24,south,gadget,84.15,25.0,0,59.2
2024-05-24,west,widget,88.61,27.0,0,72.9
2024-05-25,north,widget,71.01,19.01,0,79.0
2024-05-25,north,gadget,100.97,19.01,1,64.8
2024-05-25,south,widget,76.7,23.01,0,55.3
2024-05-25,south,gadget,88.93,25.01,0,59.4
2024-05-25,west,widget,84.46,27.01,0,73.2
2024-05-26,north,widget,62.04,19.02,0,78.8
2024-05-26,north,gadget,95.51,19.02,1,64.6
2024-05-26,south,widget,70.61,23.02,0,55.3
2024-05-26,south,gadget,76.68,25.02,0,59.6
2024-05-26,west,widget,76.4,27.02,0,73.4
2024-05-27,north,widget,64.98,19.04,0,78.6
2024-05-27,north,gadget,67.73,21.04,0,64.3
2024-05-27,south,widget,66.23,23.04,0,55.2
2024-05-27,south,gadget,72.8,25.04,0,59.7
2024-05-27,west,widget,82.46,27.04,0,73.7
2024-05-28,north,widget,66.0,19.05,0,78.4
2024-05-28,north,gadget,65.87,21.05,0,64.1
2024-05-28,south,widget,69.21,23.05,0,55.2
2024-05-28,south,gadget,73.78,25.05,0,59.9
2024-05-28,west,widget,83.33,27.05,0,73.9
2024-05-29,north,widget,64.14,19.08,0,78.2
2024-05-29,north,gadget,65.29,21.08,0,63.8
2024-05-29,south,widget,70.3,23.08,0,55.2
2024-05-29,south,gadget,73.97,25.08,0,60.1
2024-05-29,west,widget,77.3,27.08,0,74.2
2024-05-30,north,widget,67.56,19.1,0,78.0
2024-05-30,north,gadget,65.92,21.1,0,63.6
2024-05-30,south,widget,66.71,23.1,0,55.1
2024-05-30,south,gadget,72.18,25.1,0,60.3
2024-05-30,west,widget,77.67,27.1,0,74.4
2024-05-31,north,widget,98.17,17.13,1,77.7
2024-05-31,north,gadget,76.38,21.13,0,63.4
2024-05-31,south,widget,76.23,23.13,0,55.1
2024-05-31,south,gadget,83.25,25.13,0,60.5
2024-05-31,west,widget,90.57,27.13,0,74.7
2024-06-01,north,widget,98.77,17.16,1,77.5
2024-06-01,north,gadget,72.11,21.16,0,63.1
2024-06-01,south,widget,76.16,23.16,0,55.1
2024-06-01,south,gadget,79.78,25.16,0,60.7
2024-06-01,west,widget,84.76,27.16,0,74.9
2024-06-02,north,widget,93.46,17.19,1,77.3
2024-06-02,north,gadget,62.43,21.19,0,62.9
2024-06-02,south,widget,69.04,23.19,0,55.0
2024-06-02,south,gadget,72.18,25.19,0,60.9
2024-06-02,west,widget,83.8,27.19,0,75.2
2024-06-03,north,widget,59.55,19.23,0,77.1
2024-06-03,north,gadget,65.27,21.23,0,62.7
2024-06-03,south,widget,68.32,23.23,0,55.0
2024-06-03,south,gadget,74.42,25.23,0,61.1
2024-06-03,west,widget,83.69,27.23,0,75.4
2024-06-04,north,widget,65.27,19.26,0,76.8
2024-06-04,north,gadget,65.0,21.26,0,62.5
2024-06-04,south,widget,69.99,23.26,0,55.0
2024-06-04,south,gadget,78.84,25.26,0,61.3
2024-06-04,west,widget,76.65,27.26,0,75.6
2024-06-05,north,widget,64.22,19.3,0,76.6
2024-06-05,north,gadget,62.15,21.3,0,62.2
2024-06-05,south,widget,64.18,23.3,0,55.0
2024-06-05,south,gadget,74.93,25.3,0,61.6
2024-06-05,west,widget,80.2,27.3,0,75.9
2024-06-06,north,widget,66.58,19.35,0,76.4
2024-06-06,north,gadget,65.72,21.35,0,62.0
2024-06-06,south,widget,72.87,23.35,0,55.0
2024-06-06,south,gadget,72.3,25.35,0,61.8
2024-06-06,west,widget,77.68,27.35,0,76.1
2024-06-07,north,widget,68.5,19.39,0,76.1
2024-06-07,north,gadget,68.4,21.39,0,61.8
2024-06-07,south,widget,72.09,23.39,0,55.0
2024-06-07,south,gadget,76.05,25.39,0,62.0
2024-06-07,west,widget,85.01,27.39,0,76.3
2024-06-08,north,widget,68.18,19.44,0,75.9
2024-06-08,north,gadget,73.28,21.44,0,61.6
2024-06-08,south,widget,72.88,23.44,0,55.0
2024-06-08,south,gadget,77.12,25.44,0,62.2
2024-06-08,west,widget,86.8,27.44,0,76.6
2024-06-09,north,widget,64.35,19.49,0,75.7
2024-06-09,north,gadget,67.37,21.49,0,61.4
2024-06-09,south,widget,72.27,23.49,0,55.0
2024-06-09,south,gadget,73.18,25.49,0,62.4
2024-06-09,west,widget,81.65,27.49,0,76.8
2024-06-10,north,widget,61.88,19.54,0,75.4
2024-06-10,north,gadget,58.47,21.54,0,61.2
2024-06-10,south,widget,62.67,23.54,0,55.0
2024-06-10,south,gadget,69.77,25.54,0,62.7
2024-06-10,west,widget,76.38,27.54,0,77.0
2024-06-11,north,widget,64.9,19.6,0,75.2
2024-06-11,north,gadget,60.23,21.6,0,61.0
2024-06-11,south,widget,61.06,23.6,0,55.0
2024-06-11,south,gadget,73.7,25.6,0,62.9
2024-06-11,west,widget,79.44,27.6,0,77.3
2024-06-12,north,widget,59.31,19.65,0,74.9
2024-06-12,north,gadget,56.97,21.65,0,60.8
2024-06-12,south,widget,64.32,23.65,0,55.1
2024-06-12,south,gadget,73.09,25.65,0,63.1
2024-06-12,west,widget,74.74,27.65,0,77.5
2024-06-13,north,widget,57.95,19.71,0,74.7
2024-06-13,north,gadget,66.42,21.71,0,60.6
2024-06-13,south,widget,66.35,23.71,0,55.1
2024-06-13,south,gadget,73.45,25.71,0,63.3
2024-06-13,west,widget,81.99,27.71,0,77.7
2024-06-14,north,widget,69.99,19.76,0,74.5
2024-06-14,north,gadget,69.49,21.76,0,60.4
2024-06-14,south,widget,73.11,23.76,0,55.1
2024-06-14,south,gadget,75.66,25.76,0,63.6
2024-06-14,west,widget,82.09,27.76,0,77.9
2024-06-15,north,widget,65.76,19.82,0,74.2
2024-06-15,north,gadget,67.13,21.82,0,60.2
2024-06-15,south,widget,65.94,23.82,0,55.2
2024-06-15,south,gadget,77.6,25.82,0,63.8
2024-06-15,west,widget,111.09,25.82,1,78.1
2024-06-16,north,widget,58.6,19.88,0,74.0
2024-06-16,north,gadget,62.0,21.88,0,60.0
2024-06-16,south,widget,65.5,23.88,0,55.2
2024-06-16,south,gadget,70.85,25.88,0,64.0
2024-06-16,west,widget,98.86,25.88,1,78.4
2024-06-17,north,widget,62.08,19.94,0,73.7
2024-06-17,north,gadget,57.15,21.94,0,59.8
2024-06-17,south,widget,57.73,23.94,0,55.2
2024-06-17,south,gadget,70.11,25.94,0,64.3
2024-06-17,west,widget,102.75,25.94,1,78.6
2024-06-18,north,widget,60.2,20.0,0,73.5
2024-06-18,north,gadget,59.75,22.0,0,59.6
2024-06-18,south,widget,64.66,24.0,0,55.3
2024-06-18,south,gadget,68.12,26.0,0,64.5
2024-06-18,west,widget,77.54,28.0,0,78.8
2024-06-19,north,widget,59.73,20.05,0,73.2
2024-06-19,north,gadget,61.95,22.05,0,59.4
2024-06-19,south,widget,64.97,24.05,0,55.3
2024-06-19,south,gadget,69.07,26.05,0,64.8
2024-06-19,west,widget,77.34,28.05,0,79.0
2024-06-20,north,widget,63.48,20.11,0,73.0
2024-06-20,north,gadget,62.47,22.11,0,59.2
2024-06-20,south,widget,68.22,24.11,0,55.4
2024-06-20,south,gadget,70.47,26.11,0,65.0
2024-06-20,west,widget,71.54,28.11,0,79.2
2024-06-21,north,widget,63.35,20.17,0,72.7
2024-06-21,north,gadget,65.84,22.17,0,59.0
2024-06-21,south,widget,72.91,24.17,0,55.5
2024-06-21,south,gadget,71.18,26.17,0,65.2
2024-06-21,west,widget,85.8,28.17,0,79.4
2024-06-22,north,widget,66.09,20.23,0,72.4
2024-06-22,north,gadget,70.36,22.23,0,58.9
2024-06-22,south,widget,71.99,24.23,0,55.5
2024-06-22,south,gadget,95.98,24.23,1,65.5
2024-06-22,west,widget,82.74,28.23,0,79.6
2024-06-23,north,widget,58.61,20.29,0,72.2
2024-06-23,north,gadget,54.4,22.29,0,58.7
2024-06-23,south,widget,64.22,24.29,0,55.6
2024-06-23,south,gadget,99.08,24.29,1,65.7
2024-06-23,west,widget,72.85,28.29,0,79.8
2024-06-24,north,widget,59.94,20.34,0,71.9
2024-06-24,north,gadget,56.19,22.34,0,58.5
2024-06-24,south,widget,68.74,24.34,0,55.7
2024-06-24,south,gadget,89.85,24.34,1,66.0
2024-06-24,west,widget,71.98,28.34,0,80.0
2024-06-25,north,widget,53.75,20.4,0,71.7
2024-06-25,north,gadget,61.43,22.4,0,58.4
2024-06-25,south,widget,59.92,24.4,0,55.7
2024-06-25,south,gadget,66.41,26.4,0,66.2
2024-06-25,west,widget,77.52,28.4,0,80.2
2024-06-26,north,widget,57.63,20.45,0,71.4
2024-06-26,north,gadget,58.45,22.45,0,58.2
2024-06-26,south,widget,63.2,24.45,0,55.8
2024-06-26,south,gadget,68.35,26.45,0,66.5
2024-06-26,west,widget,71.08,28.45,0,80.4
2024-06-27,north,widget,54.17,20.5,0,71.2
2024-06-27,north,gadget,59.78,22.5,0,58.0
2024-06-27,south,widget,62.92,24.5,0,55.9
2024-06-27,south,gadget,69.61,26.5,0,66.7
2024-06-27,west,widget,76.52,28.5,0,80.6
2024-06-28,north,widget,65.17,20.55,0,70.9
2024-06-28,north,gadget,66.67,22.55,0,57.9
2024-06-28,south,widget,68.75,24.55,0,56.0
2024-06-28,south,gadget,75.88,26.55,0,67.0
2024-06-28,west,widget,76.27,28.55,0,80.7
2024-06-29,north,widget,62.7,20.6,0,70.6
2024-06-29,north,gadget,57.89,22.6,0,57.7
2024-06-29,south,widget,92.43,22.6,1,56.1
2024-06-29,south,gadget,70.07,26.6,0,67.2
2024-06-29,west,widget,78.27,28.6,0,80.9
2024-06-30,north,widget,51.38,20.65,0,70.4
2024-06-30,north,gadget,55.36,22.65,0,57.6
2024-06-30,south,widget,89.07,22.65,1,56.2
2024-06-30,south,gadget,68.33,26.65,0,67.5
2024-06-30,west,widget,73.84,28.65,0,81.1
2024-07-01,north,widget,55.98,20.69,0,70.1
2024-07-01,north,gadget,54.7,22.69,0,57.4
2024-07-01,south,widget,85.64,22.69,1,56.3
2024-07-01,south,gadget,64.18,26.69,0,67.8
2024-07-01,west,widget,73.11,28.69,0,81.3
2024-07-02,north,widget,52.15,20.73,0,69.9
2024-07-02,north,gadget,55.19,22.73,0,57.3
2024-07-02,south,widget,59.5,24.73,0,56.4
2024-07-02,south,gadget,69.45,26.73,0,68.0
2024-07-02,west,widget,74.93,28.73,0,81.4
2024-07-03,north,widget,54.28,20.77,0,69.6
2024-07-03,north,gadget,56.86,22.77,0,57.2
2024-07-03,south,widget,61.41,24.77,0,56.5
2024-07-03,south,gadget,72.35,26.77,0,68.3
2024-07-03,west,widget,68.77,28.77,0,81.6
2024-07-04,north,widget,45.73,20.81,0,69.4
2024-07-04,north,gadget,57.59,22.81,0,57.0
2024-07-04,south,widget,56.78,24.81,0,56.6
2024-07-04,south,gadget,72.22,26.81,0,68.5
2024-07-04,west,widget,71.63,28.81,0,81.8
2024-07-05,north,widget,62.17,20.84,0,69.1
2024-07-05,north,gadget,61.08,22.84,0,56.9
2024-07-05,south,widget,64.29,24.84,0,56.8
2024-07-05,south,gadget,74.35,26.84,0,68.8
2024-07-05,west,widget,80.24,28.84,0,81.9
2024-07-06,north,widget,64.03,20.87,0,68.8
2024-07-06,north,gadget,86.08,20.87,1,56.8
2024-07-06,south,widget,64.1,24.87,0,56.9
2024-07-06,south,gadget,75.06,26.87,0,69.0
2024-07-06,west,widget,79.04,28.87,0,82.1
2024-07-07,north,widget,52.65,20.9,0,68.6
2024-07-07,north,gadget,77.0,20.9,1,56.7
2024-07-07,south,widget,55.57,24.9,0,57.0
2024-07-07,south,gadget,63.24,26.9,0,69.3
2024-07-07,west,widget,74.19,28.9,0,82.2
2024-07-08,north,widget,47.42,20.92,0,68.3
2024-07-08,north,gadget,77.79,20.92,1,56.6
2024-07-08,south,widget,56.04,24.92,0,57.1
2024-07-08,south,gadget,64.79,26.92,0,69.6
2024-07-08,west,widget,71.01,28.92,0,82.4
2024-07-09,north,widget,54.93,20.94,0,68.1
2024-07-09,north,gadget,49.19,22.94,0,56.4
2024-07-09,south,widget,59.32,24.94,0,57.3
2024-07-09,south,gadget,64.23,26.94,0,69.8
2024-07-09,west,widget,74.34,28.94,0,82.5
2024-07-10,north,widget,52.36,20.96,0,67.8
2024-07-10,north,gadget,46.2,22.96,0,56.3
2024-07-10,south,widget,57.62,24.96,0,57.4
2024-07-10,south,gadget,64.43,26.96,0,70.1
2024-07-10,west,widget,74.04,28.96,0,82.7
2024-07-11,north,widget,50.71,20.98,0,67.6
2024-07-11,north,gadget,54.41,22.98,0,56.2
2024-07-11,south,widget,57.75,24.98,0,57.6
2024-07-11,south,gadget,62.46,26.98,0,70.3
2024-07-11,west,widget,64.57,28.98,0,82.8
2024-07-12,north,widget,59.86,20.99,0,67.3
2024-07-12,north,gadget,66.67,22.99,0,56.1
2024-07-12,south,widget,66.24,24.99,0,57.7
2024-07-12,south,gadget,72.11,26.99,0,70.6
2024-07-12,west,widget,78.53,28.99,0,82.9
2024-07-13,north,widget,82.06,18.99,1,67.0
2024-07-13,north,gadget,66.26,22.99,0,56.0
2024-07-13,south,widget,66.51,24.99,0,57.9
2024-07-13,south,gadget,73.84,26.99,0,70.8
2024-07-13,west,widget,82.04,28.99,0,83.1
2024-07-14,north,widget,75.68,19.0,1,66.8
2024-07-14,north,gadget,54.76,23.0,0,55.9
2024-07-14,south,widget,61.23,25.0,0,58.0
2024-07-14,south,gadget,61.98,27.0,0,71.1
2024-07-14,west,widget,66.07,29.0,0,83.2
2024-07-15,north,widget,73.51,19.0,1,66.5
2024-07-15,north,gadget,54.12,23.0,0,55.9
2024-07-15,south,widget,57.65,25.0,0,58.2
2024-07-15,south,gadget,61.81,27.0,0,71.4
2024-07-15,west,widget,67.2,29.0,0,83.3
2024-07-16,north,widget,49.95,21.0,0,66.3
2024-07-16,north,gadget,52.19,23.0,0,55.8
2024-07-16,south,widget,57.34,25.0,0,58.3
2024-07-16,south,gadget,66.05,27.0,0,71.6
2024-07-16,west,widget,66.29,29.0,0,83.4
2024-07-17,north,widget,50.46,20.99,0,66.0
2024-07-17,north,gadget,52.08,22.99,0,55.7
2024-07-17,south,widget,61.61,24.99,0,58.5
2024-07-17,south,gadget,62.6,26.99,0,71.9
2024-07-17,west,widget,71.65,28.99,0,83.5
2024-07-18,north,widget,49.49,20.98,0,65.8
2024-07-18,north,gadget,52.63,22.98,0,55.6
2024-07-18,south,widget,54.87,24.98,0,58.7
2024-07-18,south,gadget,65.53,26.98,0,72.1
2024-07-18,west,widget,70.46,28.98,0,83.6
2024-07-19,north,widget,58.21,20.97,0,65.5
2024-07-19,north,gadget,53.43,22.97,0,55.5
2024-07-19,south,widget,63.82,24.97,0,58.8
2024-07-19,south,gadget,68.08,26.97,0,72.4
2024-07-19,west,widget,82.62,28.97,0,83.7
2024-07-20,north,widget,54.37,20.95,0,65.3
2024-07-20,north,gadget,58.74,22.95,0,55.5
2024-07-20,south,widget,63.44,24.95,0,59.0
2024-07-20,south,gadget,72.89,26.95,0,72.6
2024-07-20,west,widget,72.19,28.95,0,83.9
2024-07-21,north,widget,54.92,20.93,0,65.1
2024-07-21,north,gadget,47.76,22.93,0,55.4
2024-07-21,south,widget,56.83,24.93,0,59.2
2024-07-21,south,gadget,62.53,26.93,0,72.9
2024-07-21,west,widget,66.98,28.93,0,83.9
2024-07-22,north,widget,48.31,20.91,0,64.8
2024-07-22,north,gadget,48.48,22.91,0,55.4
2024-07-22,south,widget,55.18,24.91,0,59.4
2024-07-22,south,gadget,60.13,26.91,0,73.1
2024-07-22,west,widget,68.22,28.91,0,84.0
2024-07-23,north,widget,44.71,20.89,0,64.6
2024-07-23,north,gadget,49.25,22.89,0,55.3
2024-07-23,south,widget,63.53,24.89,0,59.5
2024-07-23,south,gadget,62.0,26.89,0,73.4
2024-07-23,west,widget,72.77,28.89,0,84.1
2024-07-24,north,widget,51.12,20.86,0,64.3
2024-07-24,north,gadget,52.06,22.86,0,55.3
2024-07-24,south,widget,55.43,24.86,0,59.7
2024-07-24,south,gadget,64.45,26.86,0,73.6
2024-07-24,west,widget,70.82,28.86,0,84.2
2024-07-25,north,widget,50.36,20.82,0,64.1
2024-07-25,north,gadget,57.38,22.82,0,55.2
2024-07-25,south,widget,60.68,24.82,0,59.9
2024-07-25,south,gadget,58.02,26.82,0,73.9
2024-07-25,west,widget,66.11,28.82,0,84.3
2024-07-26,north,widget,53.34,20.79,0,63.9
2024-07-26,north,gadget,60.97,22.79,0,55.2
2024-07-26,south,widget,65.03,24.79,0,60.1
2024-07-26,south,gadget,66.74,26.79,0,74.1
2024-07-26,west,widget,76.83,28.79,0,84.4
2024-07-27,north,widget,53.0,20.75,0,63.6
2024-07-27,north,gadget,63.22,22.75,0,55.1
2024-07-27,south,widget,64.39,24.75,0,60.3
2024-07-27,south,gadget,70.99,26.75,0,74.4
2024-07-27,west,widget,74.76,28.75,0,84.4
2024-07-28,north,widget,44.97,20.71,0,63.4
2024-07-28,north,gadget,49.84,22.71,0,55.1
2024-07-28,south,widget,57.36,24.71,0,60.5
2024-07-28,south,gadget,60.83,26.71,0,74.6
2024-07-28,west,widget,90.45,26.71,1,84.5
2024-07-29,north,widget,47.73,20.67,0,63.2
2024-07-29,north,gadget,50.52,22.67,0,55.1
2024-07-29,south,widget,56.8,24.67,0,60.7
2024-07-29,south,gadget,57.16,26.67,0,74.9
2024-07-29,west,widget,99.3,26.67,1,84.6
2024-07-30,north,widget,47.65,20.63,0,62.9
2024-07-30,north,gadget,52.82,22.63,0,55.0
2024-07-30,south,widget,55.45,24.63,0,60.9
2024-07-30,south,gadget,61.16,26.63,0,75.1
2024-07-30,west,widget,91.3,26.63,1,84.6
2024-07-31,north,widget,44.75,20.58,0,62.7
2024-07-31,north,gadget,45.39,22.58,0,55.0
2024-07-31,south,widget,53.39,24.58,0,61.1
2024-07-31,south,gadget,60.71,26.58,0,75.4
2024-07-31,west,widget,70.19,28.58,0,84.7
2024-08-01,north,widget,43.07,20.53,0,62.5
2024-08-01,north,gadget,47.93,22.53,0,55.0
2024-08-01,south,widget,54.14,24.53,0,61.3
2024-08-01,south,gadget,62.74,26.53,0,75.6
2024-08-01,west,widget,69.81,28.53,0,84.7
2024-08-02,north,widget,57.23,20.48,0,62.3
2024-08-02,north,gadget,53.73,22.48,0,55.0
2024-08-02,south,widget,66.9,24.48,0,61.5
2024-08-02,south,gadget,74.07,26.48,0,75.9
2024-08-02,west,widget,76.93,28.48,0,84.8
2024-08-03,north,widget,53.59,20.43,0,62.0
2024-08-03,north,gadget,57.97,22.43,0,55.0
2024-08-03,south,widget,66.99,24.43,0,61.8
2024-08-03,south,gadget,63.49,26.43,0,76.1
2024-08-03,west,widget,73.21,28.43,0,84.8
2024-08-04,north,widget,43.11,20.37,0,61.8
2024-08-04,north,gadget,51.44,22.37,0,55.0
2024-08-04,south,widget,55.32,24.37,0,62.0
2024-08-04,south,gadget,83.0,24.37,1,76.3
2024-08-04,west,widget,65.42,28.37,0,84.9
2024-08-05,north,widget,51.94,20.32,0,61.6
2024-08-05,north,gadget,50.38,22.32,0,55.0
2024-08-05,south,widget,51.01,24.32,0,62.2
2024-08-05,south,gadget,85.97,24.32,1,76.6
2024-08-05,west,widget,68.98,28.32,0,84.9
2024-08-06,north,widget,48.58,20.26,0,61.4
2024-08-06,north,gadget,52.44,22.26,0,55.0
2024-08-06,south,widget,60.06,24.26,0,62.4
2024-08-06,south,gadget,93.0,24.26,1,76.8
2024-08-06,west,widget,67.49,28.26,0,84.9
2024-08-07,north,widget,43.82,20.2,0,61.2
2024-08-07,north,gadget,53.63,22.2,0,55.0
2024-08-07,south,widget,56.59,24.2,0,62.6
2024-08-07,south,gadget,61.9,26.2,0,77.0
2024-08-07,west,widget,64.93,28.2,0,84.9
2024-08-08,north,widget,41.07,20.15,0,61.0
2024-08-08,north,gadget,50.27,22.15,0,55.0
2024-08-08,south,widget,52.26,24.15,0,62.9
2024-08-08,south,gadget,60.26,26.15,0,77.2
2024-08-08,west,widget,69.1,28.15,0,85.0
2024-08-09,north,widget,53.12,20.09,0,60.8
2024-08-09,north,gadget,55.15,22.09,0,55.1
2024-08-09,south,widget,66.36,24.09,0,63.1
2024-08-09,south,gadget,72.87,26.09,0,77.5
2024-08-09,west,widget,73.54,28.09,0,85.0
2024-08-10,north,widget,52.01,20.03,0,60.6
2024-08-10,north,gadget,64.57,22.03,0,55.1
2024-08-10,south,widget,61.27,24.03,0,63.3
2024-08-10,south,gadget,69.51,26.03,0,77.7
2024-08-10,west,widget,74.38,28.03,0,85.0
2024-08-11,north,widget,49.69,19.97,0,60.4
2024-08-11,north,gadget,50.28,21.97,0,55.1
2024-08-11,south,widget,80.01,21.97,1,63.6
2024-08-11,south,gadget,66.68,25.97,0,77.9
2024-08-11,west,widget,66.81,27.97,0,85.0
2024-08-12,north,widget,50.35,19.91,0,60.2
2024-08-12,north,gadget,45.18,21.91,0,55.2
2024-08-12,south,widget,76.4,21.91,1,63.8
2024-08-12,south,gadget,64.35,25.91,0,78.1
2024-08-12,west,widget,68.62,27.91,0,85.0
2024-08-13,north,widget,47.9,19.85,0,60.0
2024-08-13,north,gadget,51.64,21.85,0,55.2
2024-08-13,south,widget,79.9,21.85,1,64.0
2024-08-13,south,gadget,62.43,25.85,0,78.3
2024-08-13,west,widget,70.24,27.85,0,85.0
2024-08-14,north,widget,43.33,19.79,0,59.8
2024-08-14,north,gadget,50.86,21.79,0,55.2
2024-08-14,south,widget,50.78,23.79,0,64.3
2024-08-14,south,gadget,59.11,25.79,0,78.6
2024-08-14,west,widget,63.55,27.79,0,85.0
2024-08-15,north,widget,43.03,19.74,0,59.6
2024-08-15,north,gadget,47.46,21.74,0,55.3
2024-08-15,south,widget,53.63,23.74,0,64.5
2024-08-15,south,gadget,59.54,25.74,0,78.8
2024-08-15,west,widget,60.44,27.74,0,85.0
2024-08-16,north,widget,51.71,19.68,0,59.4
2024-08-16,north,gadget,55.67,21.68,0,55.3
2024-08-16,south,widget,61.28,23.68,0,64.7
2024-08-16,south,gadget,67.44,25.68,0,79.0
2024-08-16,west,widget,73.85,27.68,0,85.0
2024-08-17,north,widget,52.19,19.63,0,59.2
2024-08-17,north,gadget,55.36,21.63,0,55.4
2024-08-17,south,widget,60.83,23.63,0,65.0
2024-08-17,south,gadget,67.5,25.63,0,79.2
2024-08-17,west,widget,73.66,27.63,0,84.9
2024-08-18,north,widget,42.42,19.57,0,59.1
2024-08-18,north,gadget,72.1,19.57,1,55.5
2024-08-18,south,widget,56.98,23.57,0,65.2
2024-08-18,south,gadget,62.87,25.57,0,79.4
2024-08-18,west,widget,63.84,27.57,0,84.9
2024-08-19,north,widget,36.83,19.52,0,58.9
2024-08-19,north,gadget,76.86,19.52,1,55.5
2024-08-19,south,widget,53.68,23.52,0,65.5
2024-08-19,south,gadget,63.27,25.52,0,79.6
2024-08-19,west,widget,64.34,27.52,0,84.9
2024-08-20,north,widget,45.63,19.47,0,58.7
2024-08-20,north,gadget,75.15,19.47,1,55.6
2024-08-20,south,widget,53.88,23.47,0,65.7
2024-08-20,south,gadget,58.35,25.47,0,79.8
2024-08-20,west,widget,68.32,27.47,0,84.9
2024-08-21,north,widget,39.72,19.42,0,58.5
2024-08-21,north,gadget,46.53,21.42,0,55.7
2024-08-21,south,widget,55.88,23.42,0,66.0
2024-08-21,south,gadget,65.68,25.42,0,80.0
2024-08-21,west,widget,66.55,27.42,0,84.8
2024-08-22,north,widget,40.44,19.37,0,58.4
2024-08-22,north,gadget,46.35,21.37,0,55.7
2024-08-22,south,widget,58.46,23.37,0,66.2
2024-08-22,south,gadget,59.95,25.37,0,80.2
2024-08-22,west,widget,64.47,27.37,0,84.8
2024-08-23,north,widget,50.78,19.33,0,58.2
2024-08-23,north,gadget,58.28,21.33,0,55.8
2024-08-23,south,widget,66.32,23.33,0,66.5
2024-08-23,south,gadget,68.19,25.33,0,80.4
2024-08-23,west,widget,71.33,27.33,0,84.7
2024-08-24,north,widget,55.07,19.29,0,58.1
2024-08-24,north,gadget,51.63,21.29,0,55.9
2024-08-24,south,widget,62.09,23.29,0,66.7
2024-08-24,south,gadget,68.45,25.29,0,80.5
2024-08-24,west,widget,70.2,27.29,0,84.7
2024-08-25,north,widget,66.07,17.25,1,57.9
2024-08-25,north,gadget,45.26,21.25,0,56.0
2024-08-25,south,widget,55.28,23.25,0,67.0
2024-08-25,south,gadget,62.85,25.25,0,80.7
2024-08-25,west,widget,66.61,27.25,0,84.6
2024-08-26,north,widget,75.52,17.21,1,57.8
2024-08-26,north,gadget,48.72,21.21,0,56.1
2024-08-26,south,widget,56.52,23.21,0,67.2
2024-08-26,south,gadget,59.06,25.21,0,80.9
2024-08-26,west,widget,71.61,27.21,0,84.6
2024-08-27,north,widget,64.18,17.17,1,57.6
2024-08-27,north,gadget,47.4,21.17,0,56.2
2024-08-27,south,widget,56.73,23.17,0,67.5
2024-08-27,south,gadget,62.35,25.17,0,81.1
2024-08-27,west,widget,66.93,27.17,0,84.5
2024-08-28,north,widget,49.63,19.14,0,57.5
2024-08-28,north,gadget,48.38,21.14,0,56.3
2024-08-28,south,widget,49.72,23.14,0,67.7
2024-08-28,south,gadget,60.83,25.14,0,81.3
2024-08-28,west,widget,64.22,27.14,0,84.4
2024-08-29,north,widget,39.68,19.11,0,57.3
2024-08-29,north,gadget,44.82,21.11,0,56.4
2024-08-29,south,widget,54.7,23.11,0,68.0
2024-08-29,south,gadget,63.94,25.11,0,81.4
2024-08-29,west,widget,65.12,27.11,0,84.4
2024-08-30,north,widget,50.99,19.09,0,57.2
2024-08-30,north,gadget,52.51,21.09,0,56.5
2024-08-30,south,widget,65.07,23.09,0,68.2
2024-08-30,south,gadget,66.26,25.09,0,81.6
2024-08-30,west,widget,70.96,27.09,0,84.3
2024-08-31,north,widget,54.64,19.07,0,57.1
2024-08-31,north,gadget,55.11,21.07,0,56.6
2024-08-31,south,widget,58.19,23.07,0,68.5
2024-08-31,south,gadget,67.08,25.07,0,81.7
2024-08-31,west,widget,74.92,27.07,0,84.2
2024-09-01,north,widget,40.69,19.05,0,56.9
2024-09-01,north,gadget,49.95,21.05,0,56.8
2024-09-01,south,widget,53.88,23.05,0,68.8
2024-09-01,south,gadget,60.03,25.05,0,81.9
2024-09-01,west,widget,65.32,27.05,0,84.1
2024-09-02,north,widget,42.83,19.03,0,56.8
2024-09-02,north,gadget,46.2,21.03,0,56.9
2024-09-02,south,widget,57.68,23.03,0,69.0
2024-09-02,south,gadget,60.27,25.03,0,82.1
2024-09-02,west,widget,60.55,27.03,0,84.0
2024-09-03,north,widget,45.42,19.02,0,56.7
2024-09-03,north,gadget,45.21,21.02,0,57.0
2024-09-03,south,widget,57.03,23.02,0,69.3
2024-09-03,south,gadget,57.23,25.02,0,82.2
2024-09-03,west,widget,64.64,27.02,0,83.9
2024-09-04,north,widget,42.37,19.01,0,56.6
2024-09-04,north,gadget,47.79,21.01,0,57.1
2024-09-04,south,widget,50.1,23.01,0,69.5
2024-09-04,south,gadget,62.76,25.01,0,82.4
2024-09-04,west,widget,65.76,27.01,0,83.8
2024-09-05,north,widget,44.68,19.0,0,56.4
2024-09-05,north,gadget,44.07,21.0,0,57.3
2024-09-05,south,widget,57.47,23.0,0,69.8
2024-09-05,south,gadget,57.67,25.0,0,82.5
2024-09-05,west,widget,63.09,27.0,0,83.7
2024-09-06,north,widget,44.01,19.0,0,56.3
2024-09-06,north,gadget,55.42,21.0,0,57.4
2024-09-06,south,widget,60.09,23.0,0,70.0
2024-09-06,south,gadget,68.22,25.0,0,82.6
2024-09-06,west,widget,72.37,27.0,0,83.6
2024-09-07,north,widget,49.73,19.0,0,56.2
2024-09-07,north,gadget,56.45,21.0,0,57.5
2024-09-07,south,widget,65.78,23.0,0,70.3
2024-09-07,south,gadget,70.24,25.0,0,82.8
2024-09-07,west,widget,73.63,27.0,0,83.5
2024-09-08,north,widget,41.55,19.01,0,56.1
2024-09-08,north,gadget,48.01,21.01,0,57.7
2024-09-08,south,widget,54.52,23.01,0,70.6
2024-09-08,south,gadget,56.87,25.01,0,82.9
2024-09-08,west,widget,61.13,27.01,0,83.4
2024-09-09,north,widget,39.31,19.01,0,56.0
2024-09-09,north,gadget,45.84,21.01,0,57.8
2024-09-09,south,widget,51.49,23.01,0,70.8
2024-09-09,south,gadget,60.43,25.01,0,83.0
2024-09-09,west,widget,83.83,25.01,1,83.3
2024-09-10,north,widget,48.58,19.03,0,55.9
2024-09-10,north,gadget,47.22,21.03,0,58.0
2024-09-10,south,widget,57.06,23.03,0,71.1
2024-09-10,south,gadget,58.54,25.03,0,83.2
2024-09-10,west,widget,87.32,25.03,1,83.2
2024-09-11,north,widget,43.07,19.04,0,55.9
2024-09-11,north,gadget,50.61,21.04,0,58.2
2024-09-11,south,widget,47.59,23.04,0,71.3
2024-09-11,south,gadget,63.75,25.04,0,83.3
2024-09-11,west,widget,88.14,25.04,1,83.0
2024-09-12,north,widget,45.52,19.06,0,55.8
2024-09-12,north,gadget,53.06,21.06,0,58.3
2024-09-12,south,widget,56.65,23.06,0,71.6
2024-09-12,south,gadget,61.0,25.06,0,83.4
2024-09-12,west,widget,63.14,27.06,0,82.9
2024-09-13,north,widget,53.56,19.08,0,55.7
2024-09-13,north,gadget,57.88,21.08,0,58.5
2024-09-13,south,widget,54.08,23.08,0,71.9
2024-09-13,south,gadget,67.3,25.08,0,83.5
2024-09-13,west,widget,71.35,27.08,0,82.8
2024-09-14,north,widget,47.88,19.1,0,55.6
2024-09-14,north,gadget,52.3,21.1,0,58.6
2024-09-14,south,widget,66.26,23.1,0,72.1
2024-09-14,south,gadget,71.41,25.1,0,83.6
2024-09-14,west,widget,65.6,27.1,0,82.6
2024-09-15,north,widget,39.84,19.13,0,55.5
2024-09-15,north,gadget,47.88,21.13,0,58.8
2024-09-15,south,widget,51.63,23.13,0,72.4
2024-09-15,south,gadget,60.05,25.13,0,83.7
2024-09-15,west,widget,67.15,27.13,0,82.5
2024-09-16,north,widget,41.53,19.16,0,55.5
2024-09-16,north,gadget,48.39,21.16,0,59.0
2024-09-16,south,widget,50.02,23.16,0,72.6
2024-09-16,south,gadget,84.08,23.16,1,83.8
2024-09-16,west,widget,62.89,27.16,0,82.3
2024-09-17,north,widget,45.02,19.2,0,55.4
2024-09-17,north,gadget,45.12,21.2,0,59.2
2024-09-17,south,widget,56.92,23.2,0,72.9
2024-09-17,south,gadget,79.65,23.2,1,83.9
2024-09-17,west,widget,66.55,27.2,0,82.2
2024-09-18,north,widget,38.54,19.23,0,55.4
2024-09-18,north,gadget,49.25,21.23,0,59.3
2024-09-18,south,widget,52.61,23.23,0,73.1
2024-09-18,south,gadget,90.68,23.23,1,84.0
2024-09-18,west,widget,68.77,27.23,0,82.0
2024-09-19,north,widget,43.21,19.27,0,55.3
2024-09-19,north,gadget,46.87,21.27,0,59.5
2024-09-19,south,widget,50.66,23.27,0,73.4
2024-09-19,south,gadget,58.79,25.27,0,84.1
2024-09-19,west,widget,63.31,27.27,0,81.9
2024-09-20,north,widget,47.42,19.31,0,55.3
2024-09-20,north,gadget,52.14,21.31,0,59.7
2024-09-20,south,widget,62.19,23.31,0,73.6
2024-09-20,south,gadget,67.06,25.31,0,84.2
2024-09-20,west,widget,71.74,27.31,0,81.7
2024-09-21,north,widget,49.02,19.36,0,55.2
2024-09-21,north,gadget,54.48,21.36,0,59.9
2024-09-21,south,widget,60.52,23.36,0,73.9
2024-09-21,south,gadget,61.06,25.36,0,84.3
2024-09-21,west,widget,71.59,27.36,0,81.6
2024-09-22,north,widget,39.6,19.4,0,55.2
2024-09-22,north,gadget,45.16,21.4,0,60.1
2024-09-22,south,widget,57.47,23.4,0,74.1
2024-09-22,south,gadget,59.73,25.4,0,84.4
2024-09-22,west,widget,56.45,27.4,0,81.4
2024-09-23,north,widget,44.59,19.45,0,55.1
2024-09-23,north,gadget,50.66,21.45,0,60.3
2024-09-23,south,widget,71.25,21.45,1,74.4
2024-09-23,south,gadget,62.86,25.45,0,84.4
2024-09-23,west,widget,58.29,27.45,0,81.2
2024-09-24,north,widget,41.96,19.5,0,55.1
2024-09-24,north,gadget,44.96,21.5,0,60.5
2024-09-24,south,widget,76.79,21.5,1,74.6
2024-09-24,south,gadget,57.86,25.5,0,84.5
2024-09-24,west,widget,62.96,27.5,0,81.1
2024-09-25,north,widget,39.74,19.55,0,55.1
2024-09-25,north,gadget,48.55,21.55,0,60.7
2024-09-25,south,widget,85.37,21.55,1,74.9
2024-09-25,south,gadget,56.12,25.55,0,84.6
2024-09-25,west,widget,62.16,27.55,0,80.9
2024-09-26,north,widget,40.48,19.61,0,55.1
2024-09-26,north,gadget,43.63,21.61,0,60.9
2024-09-26,south,widget,57.06,23.61,0,75.1
2024-09-26,south,gadget,59.66,25.61,0,84.6
2024-09-26,west,widget,62.37,27.61,0,80.7
2024-09-27,north,widget,45.68,19.66,0,55.0
2024-09-27,north,gadget,53.62,21.66,0,61.1
2024-09-27,south,widget,63.0,23.66,0,75.3
2024-09-27,south,gadget,63.13,25.66,0,84.7
2024-09-27,west,widget,66.46,27.66,0,80.5
2024-09-28,north,widget,47.06,19.72,0,55.0
2024-09-28,north,gadget,54.99,21.72,0,61.3
2024-09-28,south,widget,59.3,23.72,0,75.6
2024-09-28,south,gadget,62.87,25.72,0,84.7
2024-09-28,west,widget,69.31,27.72,0,80.3
2024-09-29,north,widget,36.83,19.77,0,55.0
2024-09-29,north,gadget,46.63,21.77,0,61.5
2024-09-29,south,widget,51.31,23.77,0,75.8
2024-09-29,south,gadget,50.89,25.77,0,84.8
2024-09-29,west,widget,63.2,27.77,0,80.1
2024-09-30,north,widget,42.67,19.83,0,55.0
2024-09-30,north,gadget,71.84,19.83,1,61.7
2024-09-30,south,widget,50.68,23.83,0,76.1
2024-09-30,south,gadget,65.18,25.83,0,84.8
2024-09-30,west,widget,64.97,27.83,0,80.0
2024-10-01,north,widget,39.89,19.89,0,55.0
2024-10-01,north,gadget,69.69,19.89,1,61.9
2024-10-01,south,widget,52.78,23.89,0,76.3
2024-10-01,south,gadget,56.9,25.89,0,84.9
2024-10-01,west,widget,62.41,27.89,0,79.8
2024-10-02,north,widget,40.48,19.95,0,55.0
2024-10-02,north,gadget,73.04,19.95,1,62.2
2024-10-02,south,widget,55.43,23.95,0,76.5
2024-10-02,south,gadget,58.17,25.95,0,84.9
2024-10-02,west,widget,63.14,27.95,0,79.6
2024-10-03,north,widget,38.29,20.01,0,55.0
2024-10-03,north,gadget,45.29,22.01,0,62.4
2024-10-03,south,widget,53.0,24.01,0,76.8
2024-10-03,south,gadget,56.42,26.01,0,84.9
2024-10-03,west,widget,63.66,28.01,0,79.4
2024-10-04,north,widget,52.81,20.07,0,55.0
2024-10-04,north,gadget,57.09,22.07,0,62.6
2024-10-04,south,widget,64.01,24.07,0,77.0
2024-10-04,south,gadget,67.29,26.07,0,84.9
2024-10-04,west,widget,73.74,28.07,0,79.2
2024-10-05,north,widget,47.47,20.12,0,55.0
2024-10-05,north,gadget,59.58,22.12,0,62.8
2024-10-05,south,widget,59.72,24.12,0,77.2
2024-10-05,south,gadget,69.04,26.12,0,85.0
2024-10-05,west,widget,65.67,28.12,0,78.9
2024-10-06,north,widget,39.97,20.18,0,55.1
2024-10-06,north,gadget,41.77,22.18,0,63.1
2024-10-06,south,widget,50.61,24.18,0,77.4
2024-10-06,south,gadget,62.37,26.18,0,85.0
2024-10-06,west,widget,60.47,28.18,0,78.7
2024-10-07,north,widget,69.51,18.24,1,55.1
2024-10-07,north,gadget,46.36,22.24,0,63.3
2024-10-07,south,widget,51.03,24.24,0,77.7
2024-10-07,south,gadget,59.12,26.24,0,85.0
2024-10-07,west,widget,58.63,28.24,0,78.5
2024-10-08,north,widget,67.32,18.3,1,55.1
2024-10-08,north,gadget,48.81,22.3,0,63.5
2024-10-08,south,widget,52.26,24.3,0,77.9
2024-10-08,south,gadget,58.44,26.3,0,85.0
2024-10-08,west,widget,57.05,28.3,0,78.3
2024-10-09,north,widget,69.46,18.35,1,55.2
2024-10-09,north,gadget,43.35,22.35,0,63.8
2024-10-09,south,widget,53.48,24.35,0,78.1
2024-10-09,south,gadget,57.16,26.35,0,85.0
2024-10-09,west,widget,62.64,28.35,0,78.1
2024-10-10,north,widget,39.4,20.41,0,55.2
2024-10-10,north,gadget,49.39,22.41,0,64.0
2024-10-10,south,widget,51.45,24.41,0,78.3
2024-10-10,south,gadget,57.48,26.41,0,85.0
2024-10-10,west,widget,61.55,28.41,0,77.9
2024-10-11,north,widget,45.74,20.46,0,55.2
2024-10-11,north,gadget,55.78,22.46,0,64.2
2024-10-11,south,widget,60.6,24.46,0,78.5
2024-10-11,south,gadget,60.81,26.46,0,85.0
2024-10-11,west,widget,69.95,28.46,0,77.7
2024-10-12,north,widget,49.68,20.51,0,55.3
2024-10-12,north,gadget,58.86,22.51,0,64.5
2024-10-12,south,widget,58.61,24.51,0,78.8
2024-10-12,south,gadget,66.58,26.51,0,85.0
2024-10-12,west,widget,75.25,28.51,0,77.4
2024-10-13,north,widget,38.68,20.56,0,55.3
2024-10-13,north,gadget,46.07,22.56,0,64.7
2024-10-13,south,widget,55.81,24.56,0,79.0
2024-10-13,south,gadget,56.18,26.56,0,85.0
2024-10-13,west,widget,62.3,28.56,0,77.2
2024-10-14,north,widget,40.3,20.61,0,55.4
2024-10-14,north,gadget,43.53,22.61,0,65.0
2024-10-14,south,widget,56.2,24.61,0,79.2
2024-10-14,south,gadget,54.99,26.61,0,84.9
2024-10-14,west,widget,56.2,28.61,0,77.0
2024-10-15,north,widget,45.47,20.65,0,55.4
2024-10-15,north,gadget,45.01,22.65,0,65.2
2024-10-15,south,widget,53.92,24.65,0,79.4
2024-10-15,south,gadget,56.77,26.65,0,84.9
2024-10-15,west,widget,59.78,28.65,0,76.8
2024-10-16,north,widget,39.7,20.7,0,55.5
2024-10-16,north,gadget,41.35,22.7,0,65.4
2024-10-16,south,widget,46.99,24.7,0,79.6
2024-10-16,south,gadget,59.95,26.7,0,84.9
2024-10-16,west,widget,61.31,28.7,0,76.5
2024-10-17,north,widget,42.32,20.74,0,55.6
2024-10-17,north,gadget,42.23,22.74,0,65.7
2024-10-17,south,widget,53.69,24.74,0,79.8
2024-10-17,south,gadget,55.65,26.74,0,84.9
2024-10-17,west,widget,61.64,28.74,0,76.3
2024-10-18,north,widget,48.52,20.78,0,55.7
2024-10-18,north,gadget,56.68,22.78,0,65.9
2024-10-18,south,widget,60.95,24.78,0,80.0
2024-10-18,south,gadget,56.89,26.78,0,84.8
2024-10-18,west,widget,67.83,28.78,0,76.1
2024-10-19,north,widget,44.2,20.81,0,55.7
2024-10-19,north,gadget,50.37,22.81,0,66.2
2024-10-19,south,widget,63.7,24.81,0,80.2
2024-10-19,south,gadget,64.08,26.81,0,84.8
2024-10-19,west,widget,67.53,28.81,0,75.8
2024-10-20,north,widget,36.48,20.85,0,55.8
2024-10-20,north,gadget,47.44,22.85,0,66.4
2024-10-20,south,widget,52.0,24.85,0,80.3
2024-10-20,south,gadget,56.73,26.85,0,84.7
2024-10-20,west,widget,61.08,28.85,0,75.6
2024-10-21,north,widget,39.89,20.88,0,55.9
2024-10-21,north,gadget,49.16,22.88,0,66.7
2024-10-21,south,widget,55.4,24.88,0,80.5
2024-10-21,south,gadget,54.82,26.88,0,84.7
2024-10-21,west,widget,62.86,28.88,0,75.3
2024-10-22,north,widget,43.65,20.9,0,56.0
2024-10-22,north,gadget,44.56,22.9,0,66.9
2024-10-22,south,widget,52.02,24.9,0,80.7
2024-10-22,south,gadget,56.72,26.9,0,84.6
2024-10-22,west,widget,82.1,26.9,1,75.1
2024-10-23,north,widget,35.86,20.93,0,56.1
2024-10-23,north,gadget,55.81,22.93,0,67.2
2024-10-23,south,widget,49.36,24.93,0,80.9
2024-10-23,south,gadget,59.34,26.93,0,84.6
2024-10-23,west,widget,80.54,26.93,1,74.9
2024-10-24,north,widget,37.3,20.95,0,56.2
2024-10-24,north,gadget,44.71,22.95,0,67.5
2024-10-24,south,widget,52.68,24.95,0,81.1
2024-10-24,south,gadget,54.42,26.95,0,84.5
2024-10-24,west,widget,86.01,26.95,1,74.6
2024-10-25,north,widget,47.68,20.96,0,56.3
2024-10-25,north,gadget,59.88,22.96,0,67.7
2024-10-25,south,widget,63.6,24.96,0,81.2
2024-10-25,south,gadget,69.82,26.96,0,84.4
2024-10-25,west,widget,65.26,28.96,0,74.4
2024-10-26,north,widget,46.74,20.98,0,56.4
2024-10-26,north,gadget,54.23,22.98,0,68.0
2024-10-26,south,widget,62.68,24.98,0,81.4
2024-10-26,south,gadget,62.62,26.98,0,84.4
2024-10-26,west,widget,67.72,28.98,0,74.1
2024-10-27,north,widget,44.16,20.99,0,56.5
2024-10-27,north,gadget,48.13,22.99,0,68.2
2024-10-27,south,widget,51.64,24.99,0,81.6
2024-10-27,south,gadget,53.36,26.99,0,84.3
2024-10-27,west,widget,61.52,28.99,0,73.9
2024-10-28,north,widget,37.4,21.0,0,56.6
2024-10-28,north,gadget,42.39,23.0,0,68.5
2024-10-28,south,widget,53.58,25.0,0,81.7
2024-10-28,south,gadget,54.84,27.0,0,84.2
2024-10-28,west,widget,61.19,29.0,0,73.6
2024-10-29,north,widget,44.06,21.0,0,56.7
2024-10-29,north,gadget,45.25,23.0,0,68.7
2024-10-29,south,widget,55.72,25.0,0,81.9
2024-10-29,south,gadget,77.57,25.0,1,84.1
2024-10-29,west,widget,64.78,29.0,0,73.4
2024-10-30,north,widget,43.31,21.0,0,56.9
2024-10-30,north,gadget,44.74,23.0,0,69.0
2024-10-30,south,widget,50.84,25.0,0,82.0
2024-10-30,south,gadget,85.71,25.0,1,84.0
2024-10-30,west,widget,59.46,29.0,0,73.1
2024-10-31,north,widget,34.4,21.0,0,57.0
2024-10-31,north,gadget,52.68,23.0,0,69.2
2024-10-31,south,widget,55.12,25.0,0,82.2
2024-10-31,south,gadget,81.97,25.0,1,83.9
2024-10-31,west,widget,65.84,29.0,0,72.9
2024-11-01,north,widget,54.17,20.99,0,57.1
2024-11-01,north,gadget,52.79,22.99,0,69.5
2024-11-01,south,widget,62.08,24.99,0,82.3
2024-11-01,south,gadget,60.64,26.99,0,83.8
2024-11-01,west,widget,68.92,28.99,0,72.6
2024-11-02,north,widget,50.28,20.98,0,57.3
2024-11-02,north,gadget,55.41,22.98,0,69.8
2024-11-02,south,widget,57.43,24.98,0,82.5
2024-11-02,south,gadget,64.64,26.98,0,83.7
2024-11-02,west,widget,70.74,28.98,0,72.3
2024-11-03,north,widget,44.85,20.97,0,57.4
2024-11-03,north,gadget,45.58,22.97,0,70.0
2024-11-03,south,widget,51.28,24.97,0,82.6
2024-11-03,south,gadget,60.76,26.97,0,83.6
2024-11-03,west,widget,65.1,28.97,0,72.1
2024-11-04,north,widget,38.23,20.95,0,57.5
2024-11-04,north,gadget,47.49,22.95,0,70.3
2024-11-04,south,widget,49.78,24.95,0,82.8
2024-11-04,south,gadget,55.59,26.95,0,83.5
2024-11-04,west,widget,64.57,28.95,0,71.8
2024-11-05,north,widget,38.21,20.93,0,57.7
2024-11-05,north,gadget,51.61,22.93,0,70.5
2024-11-05,south,widget,77.76,22.93,1,82.9
2024-11-05,south,gadget,63.11,26.93,0,83.4
2024-11-05,west,widget,59.14,28.93,0,71.6
2024-11-06,north,widget,43.12,20.91,0,57.8
2024-11-06,north,gadget,50.43,22.91,0,70.8
2024-11-06,south,widget,77.8,22.91,1,83.0
2024-11-06,south,gadget,59.25,26.91,0,83.3
2024-11-06,west,widget,64.28,28.91,0,71.3
2024-11-07,north,widget,44.81,20.88,0,58.0
2024-11-07,north,gadget,52.84,22.88,0,71.1
2024-11-07,south,widget,81.36,22.88,1,83.2
2024-11-07,south,gadget,56.8,26.88,0,83.2
2024-11-07,west,widget,61.77,28.88,0,71.1
2024-11-08,north,widget,48.94,20.85,0,58.1
2024-11-08,north,gadget,63.62,22.85,0,71.3
2024-11-08,south,widget,66.26,24.85,0,83.3
2024-11-08,south,gadget,67.47,26.85,0,83.0
2024-11-08,west,widget,65.26,28.85,0,70.8
2024-11-09,north,widget,46.1,20.82,0,58.3
2024-11-09,north,gadget,55.69,22.82,0,71.6
2024-11-09,south,widget,62.32,24.82,0,83.4
2024-11-09,south,gadget,67.61,26.82,0,82.9
2024-11-09,west,widget,71.13,28.82,0,70.6
2024-11-10,north,widget,42.15,20.78,0,58.5
2024-11-10,north,gadget,47.15,22.78,0,71.8
2024-11-10,south,widget,55.77,24.78,0,83.5
2024-11-10,south,gadget,64.13,26.78,0,82.8
2024-11-10,west,widget,64.48,28.78,0,70.3
2024-11-11,north,widget,43.36,20.75,0,58.6
2024-11-11,north,gadget,51.46,22.75,0,72.1
2024-11-11,south,widget,55.91,24.75,0,83.6
2024-11-11,south,gadget,59.66,26.75,0,82.6
2024-11-11,west,widget,63.11,28.75,0,70.0
2024-11-12,north,widget,41.13,20.7,0,58.8
2024-11-12,north,gadget,71.84,20.7,1,72.3
2024-11-12,south,widget,55.69,24.7,0,83.7
2024-11-12,south,gadget,57.99,26.7,0,82.5
2024-11-12,west,widget,58.64,28.7,0,69.8
2024-11-13,north,widget,49.48,20.66,0,59.0
2024-11-13,north,gadget,77.85,20.66,1,72.6
2024-11-13,south,widget,59.25,24.66,0,83.8
2024-11-13,south,gadget,59.72,26.66,0,82.4
2024-11-13,west,widget,63.94,28.66,0,69.5
2024-11-14,north,widget,38.93,20.62,0,59.1
2024-11-14,north,gadget,75.38,20.62,1,72.8
2024-11-14,south,widget,56.24,24.62,0,83.9
2024-11-14,south,gadget,61.54,26.62,0,82.2
2024-11-14,west,widget,60.16,28.62,0,69.3
2024-11-15,north,widget,54.44,20.57,0,59.3
2024-11-15,north,gadget,60.78,22.57,0,73.1
2024-11-15,south,widget,63.43,24.57,0,84.0
2024-11-15,south,gadget,68.85,26.57,0,82.1
2024-11-15,west,widget,67.6,28.57,0,69.0
2024-11-16,north,widget,53.78,20.52,0,59.5
2024-11-16,north,gadget,55.78,22.52,0,73.4
2024-11-16,south,widget,64.01,24.52,0,84.1
2024-11-16,south,gadget,66.24,26.52,0,81.9
2024-11-16,west,widget,71.66,28.52,0,68.7
2024-11-17,north,widget,41.9,20.47,0,59.7
2024-11-17,north,gadget,50.31,22.47,0,73.6
2024-11-17,south,widget,59.62,24.47,0,84.2
2024-11-17,south,gadget,64.51,26.47,0,81.7
2024-11-17,west,widget,66.56,28.47,0,68.5
2024-11-18,north,widget,46.71,20.42,0,59.9
2024-11-18,north,gadget,51.39,22.42,0,73.9
2024-11-18,south,widget,62.56,24.42,0,84.3
2024-11-18,south,gadget,56.93,26.42,0,81.6
2024-11-18,west,widget,62.18,28.42,0,68.2
2024-11-19,north,widget,71.83,18.36,1,60.1
2024-11-19,north,gadget,49.75,22.36,0,74.1
2024-11-19,south,widget,52.2,24.36,0,84.4
2024-11-19,south,gadget,61.89,26.36,0,81.4
2024-11-19,west,widget,59.74,28.36,0,68.0
2024-11-20,north,widget,71.37,18.31,1,60.3
2024-11-20,north,gadget,51.48,22.31,0,74.3
2024-11-20,south,widget,57.24,24.31,0,84.4
2024-11-20,south,gadget,61.86,26.31,0,81.2
2024-11-20,west,widget,61.13,28.31,0,67.7
2024-11-21,north,widget,68.03,18.25,1,60.5
2024-11-21,north,gadget,52.03,22.25,0,74.6
2024-11-21,south,widget,55.95,24.25,0,84.5
2024-11-21,south,gadget,62.99,26.25,0,81.1
2024-11-21,west,widget,59.01,28.25,0,67.5
2024-11-22,north,widget,56.44,20.19,0,60.7
2024-11-22,north,gadget,65.08,22.19,0,74.8
2024-11-22,south,widget,72.09,24.19,0,84.6
2024-11-22,south,gadget,67.18,26.19,0,80.9
2024-11-22,west,widget,68.6,28.19,0,67.2
2024-11-23,north,widget,58.09,20.13,0,60.9
2024-11-23,north,gadget,60.49,22.13,0,75.1
2024-11-23,south,widget,59.52,24.13,0,84.6
2024-11-23,south,gadget,67.72,26.13,0,80.7
2024-11-23,west,widget,70.31,28.13,0,67.0
2024-11-24,north,widget,46.59,20.08,0,61.1
2024-11-24,north,gadget,57.14,22.08,0,75.3
2024-11-24,south,widget,59.46,24.08,0,84.7
2024-11-24,south,gadget,63.15,26.08,0,80.5
2024-11-24,west,widget,64.2,28.08,0,66.7
2024-11-25,north,widget,45.74,20.02,0,61.3
2024-11-25,north,gadget,52.33,22.02,0,75.6
2024-11-25,south,widget,61.41,24.02,0,84.7
2024-11-25,south,gadget,62.66,26.02,0,80.3
2024-11-25,west,widget,62.3,28.02,0,66.5
2024-11-26,north,widget,51.11,19.96,0,61.5
2024-11-26,north,gadget,48.67,21.96,0,75.8
2024-11-26,south,widget,61.59,23.96,0,84.8
2024-11-26,south,gadget,61.44,25.96,0,80.2
2024-11-26,west,widget,61.84,27.96,0,66.2
2024-11-27,north,widget,51.09,19.9,0,61.7
2024-11-27,north,gadget,53.61,21.9,0,76.0
2024-11-27,south,widget,57.64,23.9,0,84.8
2024-11-27,south,gadget,64.07,25.9,0,80.0
2024-11-27,west,widget,64.26,27.9,0,66.0
2024-11-28,north,widget,50.47,19.84,0,61.9
2024-11-28,north,gadget,58.03,21.84,0,76.3
2024-11-28,south,widget,62.45,23.84,0,84.9
2024-11-28,south,gadget,62.13,25.84,0,79.8
2024-11-28,west,widget,62.11,27.84,0,65.7
2024-11-29,north,widget,56.02,19.78,0,62.1
2024-11-29,north,gadget,64.2,21.78,0,76.5
2024-11-29,south,widget,60.62,23.78,0,84.9
2024-11-29,south,gadget,65.71,25.78,0,79.6
2024-11-29,west,widget,78.14,27.78,0,65.5
2024-11-30,north,widget,57.02,19.73,0,62.4
2024-11-30,north,gadget,67.71,21.73,0,76.7
2024-11-30,south,widget,70.97,23.73,0,84.9
2024-11-30,south,gadget,67.1,25.73,0,79.4
2024-11-30,west,widget,74.58,27.73,0,65.2
